cardname,cardq,cardrarity,card_edition,cardset,cardcode,cardid,print_id,banlist,points
Abyss Soldier,1,Common,1st Edition,Storm of the Abyss,SOTA-EN001,18318842,18318842,,
Batteryman Solar,1,Common,1st Edition,Storm of the Abyss,SOTA-EN002,44586426,44586426,,
Cobra Jar,1,Common,1st Edition,Storm of the Abyss,SOTA-EN003,86801871,86801871,,
Cranium Fish,1,Common,1st Edition,Storm of the Abyss,SOTA-EN004,18828179,18828179,,
Crystal Seer,1,Common,1st Edition,Storm of the Abyss,SOTA-EN005,82099401,82099401,,
Cyber Shark,1,Common,1st Edition,Storm of the Abyss,SOTA-EN006,32393580,32393580,,
Diana the Light Spirit,1,Common,1st Edition,Storm of the Abyss,SOTA-EN007,17257342,17257342,,
Evilswarm Azzathoth,1,Common,1st Edition,Storm of the Abyss,SOTA-EN008,42679662,42679662,,
Fishborg Archer,1,Common,1st Edition,Storm of the Abyss,SOTA-EN009,62023839,62023839,,
Friller Rabca,1,Common,1st Edition,Storm of the Abyss,SOTA-EN010,93830681,93830681,,
Frost and Flame Dragon,1,Common,1st Edition,Storm of the Abyss,SOTA-EN011,55589254,55589254,,
Hieratic Dragon of Gebeb,1,Common,1st Edition,Storm of the Abyss,SOTA-EN012,78033100,78033100,,
Hieratic Dragon of Nuit,1,Common,1st Edition,Storm of the Abyss,SOTA-EN013,41639001,41639001,,
Ice Knight,1,Common,1st Edition,Storm of the Abyss,SOTA-EN014,99328137,99328137,,
Ipiria,1,Common,1st Edition,Storm of the Abyss,SOTA-EN015,70744296,70744296,,
Lion Alligator,1,Common,1st Edition,Storm of the Abyss,SOTA-EN016,4611269,4611269,,
Mahunder,1,Common,1st Edition,Storm of the Abyss,SOTA-EN017,21524779,21524779,,
Mekanikal Arkfiend,1,Common,1st Edition,Storm of the Abyss,SOTA-EN018,93715853,93715853,,
Metabo-Shark,1,Common,1st Edition,Storm of the Abyss,SOTA-EN019,37792478,37792478,,
Muscle Medic,1,Common,1st Edition,Storm of the Abyss,SOTA-EN020,4848423,4848423,,
Neo Kaiser Glider,1,Common,1st Edition,Storm of the Abyss,SOTA-EN021,45885288,45885288,,
Nimble Sunfish,1,Common,1st Edition,Storm of the Abyss,SOTA-EN022,2843014,2843014,,
Oshaleon,1,Common,1st Edition,Storm of the Abyss,SOTA-EN023,71519605,71519605,,
Penguin Soldier,1,Common,1st Edition,Storm of the Abyss,SOTA-EN024,93920745,93920745,,
Rage of the Deep Sea,1,Common,1st Edition,Storm of the Abyss,SOTA-EN025,73778008,73778008,,
Razor Lizard,1,Common,1st Edition,Storm of the Abyss,SOTA-EN026,18372968,18372968,,
Reptilianne Scylla,1,Common,1st Edition,Storm of the Abyss,SOTA-EN027,16909657,16909657,,
Reptilianne Vaskii,1,Common,1st Edition,Storm of the Abyss,SOTA-EN028,16886617,16886617,,
Sishunder,1,Common,1st Edition,Storm of the Abyss,SOTA-EN029,57019473,57019473,,
Thunder Dragon,1,Common,1st Edition,Storm of the Abyss,SOTA-EN030,31786629,31786629,,
Thunder Nyan Nyan,1,Common,1st Edition,Storm of the Abyss,SOTA-EN031,70797118,70797118,,
Vylon Prism,1,Common,1st Edition,Storm of the Abyss,SOTA-EN032,74064212,74064212,,
Wattmole,1,Common,1st Edition,Storm of the Abyss,SOTA-EN033,32548609,32548609,,
Wattpheasant,1,Common,1st Edition,Storm of the Abyss,SOTA-EN034,81896771,81896771,,
Worm Apocalypse,1,Common,1st Edition,Storm of the Abyss,SOTA-EN035,88650530,88650530,,
Yamorimori,1,Common,1st Edition,Storm of the Abyss,SOTA-EN036,51474037,51474037,,
Yomi Ship,1,Common,1st Edition,Storm of the Abyss,SOTA-EN037,51534754,51534754,,
Crowned by the World Chalice,1,Common,1st Edition,Storm of the Abyss,SOTA-EN038,95511642,95511642,,
Flamvell Guard,1,Common,1st Edition,Storm of the Abyss,SOTA-EN039,21615956,21615956,,
Galaxy Serpent,1,Common,1st Edition,Storm of the Abyss,SOTA-EN040,11066358,11066358,,
Tune Warrior,1,Common,1st Edition,Storm of the Abyss,SOTA-EN041,74093656,74093656,,
Back to Square One,1,Common,1st Edition,Storm of the Abyss,SOTA-EN042,47453433,47453433,,
Creature Swap,1,Common,1st Edition,Storm of the Abyss,SOTA-EN043,31036355,31036355,,
Double Summon,1,Common,1st Edition,Storm of the Abyss,SOTA-EN044,43422537,43422537,,
Luminous Spark,1,Common,1st Edition,Storm of the Abyss,SOTA-EN045,81777047,81777047,,
Mitsurugi Magatama,1,Common,1st Edition,Storm of the Abyss,SOTA-EN046,76725398,76725398,,
Monster Reincarnation,1,Common,1st Edition,Storm of the Abyss,SOTA-EN047,74848038,74848038,,
Moray of Greed,1,Common,1st Edition,Storm of the Abyss,SOTA-EN048,22123627,22123627,,
Reptilianne Poison,1,Common,1st Edition,Storm of the Abyss,SOTA-EN049,90576781,90576781,,
Reptilianne Rage,1,Common,1st Edition,Storm of the Abyss,SOTA-EN050,91580102,91580102,,
Scapegoat,1,Common,1st Edition,Storm of the Abyss,SOTA-EN051,73915051,73915051,,
Shield & Sword,1,Common,1st Edition,Storm of the Abyss,SOTA-EN052,52097679,52097679,,
Shrink,1,Common,1st Edition,Storm of the Abyss,SOTA-EN053,55713623,55713623,,
Silent Doom,1,Common,1st Edition,Storm of the Abyss,SOTA-EN054,42534368,42534368,,
Stamping Destruction,1,Common,1st Edition,Storm of the Abyss,SOTA-EN055,81385346,81385346,,
Umiiruka,1,Common,1st Edition,Storm of the Abyss,SOTA-EN056,82999629,82999629,,
Water Hazard,1,Common,1st Edition,Storm of the Abyss,SOTA-EN057,49669730,49669730,,
Wattcube,1,Common,1st Edition,Storm of the Abyss,SOTA-EN058,65612454,65612454,,
Scrap-Iron Scarecrow,1,Common,1st Edition,Storm of the Abyss,SOTA-EN059,98427577,98427577,,
Common Charity,1,Common,1st Edition,Storm of the Abyss,SOTA-EN060,40465719,40465719,,
Avenging Knight Parshath,1,Common,1st Edition,Storm of the Abyss,SOTA-EN061,69514125,69514125,,
Reptilianne Hydra,1,Common,1st Edition,Storm of the Abyss,SOTA-EN062,60634565,60634565,,
Fairy Wind,1,Common,1st Edition,Storm of the Abyss,SOTA-EN063,73507661,73507661,,
Guardragon Corewakening,1,Common,1st Edition,Storm of the Abyss,SOTA-EN064,11908584,11908584,,
Inverse Universe,1,Common,1st Edition,Storm of the Abyss,SOTA-EN065,79161790,79161790,,
Judgment of Thunder,1,Common,1st Edition,Storm of the Abyss,SOTA-EN066,85080048,85080048,,
Magic Drain,1,Common,1st Edition,Storm of the Abyss,SOTA-EN067,59344077,59344077,,
Miniaturize,1,Common,1st Edition,Storm of the Abyss,SOTA-EN068,34815282,34815282,,
Recall,1,Common,1st Edition,Storm of the Abyss,SOTA-EN069,96404912,96404912,,
The Huge Revolution is Over,1,Common,1st Edition,Storm of the Abyss,SOTA-EN070,99188141,99188141,,
Threatening Roar,1,Common,1st Edition,Storm of the Abyss,SOTA-EN071,36361633,36361633,,
Urgent Tuning,1,Common,1st Edition,Storm of the Abyss,SOTA-EN072,94634433,94634433,,
Widespread Ruin,1,Common,1st Edition,Storm of the Abyss,SOTA-EN073,77754944,77754944,,
Windstorm of Etaqua,1,Common,1st Edition,Storm of the Abyss,SOTA-EN074,59744639,59744639,,
Brohunder,1,Rare,1st Edition,Storm of the Abyss,SOTA-EN075,27217742,27217742,,
Cyber Dragon,1,Rare,1st Edition,Storm of the Abyss,SOTA-EN076,70095154,70095154,,
D.D. Warrior Lady,1,Rare,1st Edition,Storm of the Abyss,SOTA-EN077,7572887,7572887,,
Fishborg Launcher,1,Rare,1st Edition,Storm of the Abyss,SOTA-EN078,66853752,66853752,,
Hibernation Dragon,1,Rare,1st Edition,Storm of the Abyss,SOTA-EN079,69109764,69109764,,
Hieratic Dragon of Asar,1,Rare,1st Edition,Storm of the Abyss,SOTA-EN080,30794966,30794966,,
Mermaid Shark,1,Rare,1st Edition,Storm of the Abyss,SOTA-EN081,87047161,87047161,,
Mother Grizzly,1,Rare,1st Edition,Storm of the Abyss,SOTA-EN082,57839750,57839750,,
Piwraithe the Ghost Pirate,1,Rare,1st Edition,Storm of the Abyss,SOTA-EN083,83682209,83682209,,
Reptilianne Coatl,1,Rare,1st Edition,Storm of the Abyss,SOTA-EN084,89594399,89594399,,
Reptilianne Gardna,1,Rare,1st Edition,Storm of the Abyss,SOTA-EN085,43002864,43002864,,
Reptilianne Viper,1,Rare,1st Edition,Storm of the Abyss,SOTA-EN086,42303365,42303365,,
Salvage Warrior,1,Rare,1st Edition,Storm of the Abyss,SOTA-EN087,41705642,41705642,,
Shining Angel,1,Rare,1st Edition,Storm of the Abyss,SOTA-EN088,95956346,95956346,,
Snowman Eater,1,Rare,1st Edition,Storm of the Abyss,SOTA-EN089,91133740,91133740,,
T.G. Drill Fish,1,Rare,1st Edition,Storm of the Abyss,SOTA-EN090,30348744,30348744,,
Thunder Dragonmatrix,1,Rare,1st Edition,Storm of the Abyss,SOTA-EN091,20318029,20318029,,
Wattcobra,1,Rare,1st Edition,Storm of the Abyss,SOTA-EN092,88205593,88205593,,
Worm Warlord,1,Rare,1st Edition,Storm of the Abyss,SOTA-EN093,35638627,35638627,,
Alexandrite Dragon,1,Rare,1st Edition,Storm of the Abyss,SOTA-EN094,43096270,43096270,,
Wattaildragon,1,Rare,1st Edition,Storm of the Abyss,SOTA-EN095,87151205,87151205,,
Dark Factory of Mass Production,1,Rare,1st Edition,Storm of the Abyss,SOTA-EN096,90928333,90928333,,
Lightning Vortex,1,Rare,1st Edition,Storm of the Abyss,SOTA-EN097,69162969,69162969,,
Solidarity,1,Rare,1st Edition,Storm of the Abyss,SOTA-EN098,86780027,86780027,,
Surface,1,Rare,1st Edition,Storm of the Abyss,SOTA-EN099,33057951,33057951,,
Tri-Wight,1,Rare,1st Edition,Storm of the Abyss,SOTA-EN100,96383838,96383838,,
First-Aid Squad,1,Rare,1st Edition,Storm of the Abyss,SOTA-EN101,33622465,33622465,,
Jar of Greed,1,Rare,1st Edition,Storm of the Abyss,SOTA-EN102,83968380,83968380,,
Raigeki Break,1,Rare,1st Edition,Storm of the Abyss,SOTA-EN103,4178474,4178474,,
Navy Dragon Mech,1,Rare,1st Edition,Storm of the Abyss,SOTA-EN104,80040886,80040886,,
Batteryman Fuel Cell,1,Super Rare,1st Edition,Storm of the Abyss,SOTA-EN105,74730899,74730899,,
Black Mamba,1,Super Rare,1st Edition,Storm of the Abyss,SOTA-EN106,86469231,86469231,,
Carboneddon,1,Super Rare,1st Edition,Storm of the Abyss,SOTA-EN107,15981690,15981690,,
Fishborg Harpooner,1,Super Rare,1st Edition,Storm of the Abyss,SOTA-EN108,57420265,57420265,,
"Flogos, the Ogdoadic Boundless",1,Super Rare,1st Edition,Storm of the Abyss,SOTA-EN109,9400127,9400127,,
Hieratic Dragon of Sutekh,1,Super Rare,1st Edition,Storm of the Abyss,SOTA-EN110,66789970,66789970,,
Hyper-Ancient Shark Megalodon,1,Super Rare,1st Edition,Storm of the Abyss,SOTA-EN111,10532969,10532969,,
Lamia,1,Super Rare,1st Edition,Storm of the Abyss,SOTA-EN112,84900597,84900597,,
Right-Hand Shark,1,Super Rare,1st Edition,Storm of the Abyss,SOTA-EN113,11845050,11845050,,
Wattuna,1,Super Rare,1st Edition,Storm of the Abyss,SOTA-EN114,10113611,10113611,,
Guardragon Justicia,1,Super Rare,1st Edition,Storm of the Abyss,SOTA-EN115,11012154,11012154,,
Dragon Shrine,1,Super Rare,1st Edition,Storm of the Abyss,SOTA-EN116,41620959,41620959,,
Enemy Controller,1,Super Rare,1st Edition,Storm of the Abyss,SOTA-EN117,98045062,98045062,,
Forbidden Chalice,1,Super Rare,1st Edition,Storm of the Abyss,SOTA-EN118,25789292,25789292,,
Gold Sarcophagus,1,Super Rare,1st Edition,Storm of the Abyss,SOTA-EN119,75500286,75500286,,
Mystical Space Typhoon,1,Super Rare,1st Edition,Storm of the Abyss,SOTA-EN120,5318639,5318639,,
Soul Exchange,1,Super Rare,1st Edition,Storm of the Abyss,SOTA-EN121,68005187,68005187,,
Unexpected Dai,1,Super Rare,1st Edition,Storm of the Abyss,SOTA-EN122,911883,911883,,
Compulsory Evacuation Device,1,Super Rare,1st Edition,Storm of the Abyss,SOTA-EN123,94192409,94192409,,
Fish Depth Charge,1,Super Rare,1st Edition,Storm of the Abyss,SOTA-EN124,58873391,58873391,,
Needle Ceiling,1,Super Rare,1st Edition,Storm of the Abyss,SOTA-EN125,38411870,38411870,,
Offering to the Snake Deity,1,Super Rare,1st Edition,Storm of the Abyss,SOTA-EN126,93217231,93217231,,
Phoenix Wing Wind Blast,1,Super Rare,1st Edition,Storm of the Abyss,SOTA-EN127,63356631,63356631,,
Torrential Tribute,1,Super Rare,1st Edition,Storm of the Abyss,SOTA-EN128,53582587,53582587,,
Ascension Sky Dragon,1,Super Rare,1st Edition,Storm of the Abyss,SOTA-EN129,37910722,37910722,,
"Brionac, the Magical Ice Dragon",1,Super Rare,1st Edition,Storm of the Abyss,SOTA-EN130,65892310,65892310,,
Toxic Boxfish,1,Super Rare,1st Edition,Storm of the Abyss,SOTA-EN131,48882106,48882106,,
Dark Alligator,1,Ultra Rare,1st Edition,Storm of the Abyss,SOTA-EN132,34479658,34479658,S,2
Dragard,1,Ultra Rare,1st Edition,Storm of the Abyss,SOTA-EN133,65737274,65737274,,
Guardragon Garmides,1,Ultra Rare,1st Edition,Storm of the Abyss,SOTA-EN134,43411769,43411769,,
Mobius the Frost Monarch,1,Ultra Rare,1st Edition,Storm of the Abyss,SOTA-EN135,4929256,4929256,,
Wattdragonfly,1,Ultra Rare,1st Edition,Storm of the Abyss,SOTA-EN136,97885363,97885363,,
Zaborg the Thunder Monarch,1,Ultra Rare,1st Edition,Storm of the Abyss,SOTA-EN137,51945556,51945556,,
Moray of Avarice,1,Ultra Rare,1st Edition,Storm of the Abyss,SOTA-EN138,73244186,73244186,,
Recycling Batteries,1,Ultra Rare,1st Edition,Storm of the Abyss,SOTA-EN139,99995595,99995595,,
Salvage,1,Ultra Rare,1st Edition,Storm of the Abyss,SOTA-EN140,96947648,96947648,,
Book of Moon,1,Ultra Rare,1st Edition,Storm of the Abyss,SOTA-EN141,14087893,14087893,,
Dimensional Prison,1,Ultra Rare,1st Edition,Storm of the Abyss,SOTA-EN142,70342110,70342110,,
Ib the World Chalice Justiciar,1,Ultra Rare,1st Edition,Storm of the Abyss,SOTA-EN143,94677445,94677445,S,2
Lightstorm Dragon,1,Ultra Rare,1st Edition,Storm of the Abyss,SOTA-EN144,10515412,10515412,,3
"Gungnir, Dragon of the Ice Barrier",1,Ultra Rare,1st Edition,Storm of the Abyss,SOTA-EN145,65749035,65749035,,
Beautunaful Princess,1,Secret Rare,1st Edition,Storm of the Abyss,SOTA-EN146,6625096,6625096,,
Dragolithia Kunzite,1,Secret Rare,1st Edition,Storm of the Abyss,SOTA-EN147,48705086,48705086,,
Evil Dragon Ananta,1,Secret Rare,1st Edition,Storm of the Abyss,SOTA-EN148,8400623,8400623,,
Batteryman 9-Volt,1,Secret Rare,1st Edition,Storm of the Abyss,SOTA-EN149,60549248,60549248,,
Scrap Dragon,1,Secret Rare,1st Edition,Storm of the Abyss,SOTA-EN150,76774528,76774528,,
Ape Fighter,1,Common,1st Edition,Blazing Genesis,BG-EN001,41098335,41098335,,
Bacon Saver,1,Common,1st Edition,Blazing Genesis,BG-EN002,82593786,82593786,,
Battlin' Boxer Glassjaw,1,Common,1st Edition,Blazing Genesis,BG-EN003,5361647,5361647,,
Battlin' Boxer Shadow,1,Common,1st Edition,Blazing Genesis,BG-EN004,35537251,35537251,,
Beast Striker,1,Common,1st Edition,Blazing Genesis,BG-EN005,21362970,21362970,,
Copy Plant,1,Common,1st Edition,Blazing Genesis,BG-EN006,66457407,66457407,,
D.D. Crazy Beast,1,Common,1st Edition,Blazing Genesis,BG-EN007,48148828,48148828,,
D.D. Warrior,1,Common,1st Edition,Blazing Genesis,BG-EN008,37043180,37043180,,
Desmanian Devil,1,Common,1st Edition,Blazing Genesis,BG-EN009,42908201,42908201,,
Divine Knight Ishzark,1,Common,1st Edition,Blazing Genesis,BG-EN010,57902462,57902462,,
Evilswarm Mandragora,1,Common,1st Edition,Blazing Genesis,BG-EN011,8814959,8814959,,
Evilswarm O'lantern,1,Common,1st Edition,Blazing Genesis,BG-EN012,72429240,72429240,,
Evilswarm Obliviwisp,1,Common,1st Edition,Blazing Genesis,BG-EN013,5284653,5284653,,
Evocator Chevalier,1,Common,1st Edition,Blazing Genesis,BG-EN014,96872283,96872283,,
Exiled Force,1,Common,1st Edition,Blazing Genesis,BG-EN015,74131780,74131780,,
Frost and Flame Dragon,1,Common,1st Edition,Blazing Genesis,BG-EN016,55589254,55589254,,
Heavy Knight of the Flame,1,Common,1st Edition,Blazing Genesis,BG-EN017,34761062,34761062,,
"Kalantosa, Mystical Beast of the Forest",1,Common,1st Edition,Blazing Genesis,BG-EN018,97317530,97317530,,
Knight of the Red Lotus,1,Common,1st Edition,Blazing Genesis,BG-EN019,46237548,46237548,,
Koa'ki Meiru Gravirose,1,Common,1st Edition,Blazing Genesis,BG-EN020,41201555,41201555,,
Krawler Dendrite,1,Common,1st Edition,Blazing Genesis,BG-EN021,46083111,46083111,,
Lock Cat,1,Common,1st Edition,Blazing Genesis,BG-EN022,52346240,52346240,,
Lord Poison,1,Common,1st Edition,Blazing Genesis,BG-EN023,40320754,40320754,,
Moja,1,Common,1st Edition,Blazing Genesis,BG-EN024,94878265,94878265,,
Naturia Eggplant,1,Common,1st Edition,Blazing Genesis,BG-EN025,37349495,37349495,,
Neo Flamvell Hedgehog,1,Common,1st Edition,Blazing Genesis,BG-EN026,2377034,2377034,,
Newdoria,1,Common,1st Edition,Blazing Genesis,BG-EN027,4335645,4335645,,
Photon Sabre Tiger,1,Common,1st Edition,Blazing Genesis,BG-EN028,80495985,80495985,,
Red-Eyes Zombie Dragon,1,Common,1st Edition,Blazing Genesis,BG-EN029,5186893,5186893,,
"Rose, Warrior of Revenge",1,Common,1st Edition,Blazing Genesis,BG-EN030,1557341,1557341,,
Scapeghost,1,Common,1st Edition,Blazing Genesis,BG-EN031,67284107,67284107,,
Sea Koala,1,Common,1st Edition,Blazing Genesis,BG-EN032,87685879,87685879,,
Silvervine Senri,1,Common,1st Edition,Blazing Genesis,BG-EN033,13382806,13382806,,
Sylvan Bladefender,1,Common,1st Edition,Blazing Genesis,BG-EN034,11682713,11682713,,
Sylvan Marshalleaf,1,Common,1st Edition,Blazing Genesis,BG-EN035,36046926,36046926,,
T.G. Rush Rhino,1,Common,1st Edition,Blazing Genesis,BG-EN036,36687247,36687247,,
Tatsunecro,1,Common,1st Edition,Blazing Genesis,BG-EN037,3096468,3096468,,
Twilight Rose Knight,1,Common,1st Edition,Blazing Genesis,BG-EN038,2986553,2986553,,
Violet Witch,1,Common,1st Edition,Blazing Genesis,BG-EN039,62379337,62379337,,
Wind-Up Kitten,1,Common,1st Edition,Blazing Genesis,BG-EN040,25716180,25716180,,
"Yellow Baboon, Archer of the Forest",1,Common,1st Edition,Blazing Genesis,BG-EN041,65303664,65303664,,
Tune Warrior,1,Common,1st Edition,Blazing Genesis,BG-EN042,74093656,74093656,,
Zombino,1,Common,1st Edition,Blazing Genesis,BG-EN043,14575467,14575467,,
Autonomous Action Unit,1,Common,1st Edition,Blazing Genesis,BG-EN044,71453557,71453557,,
Creature Swap,1,Common,1st Edition,Blazing Genesis,BG-EN045,31036355,31036355,,
Dark Core,1,Common,1st Edition,Blazing Genesis,BG-EN046,70231910,70231910,,
Darkworld Shackles,1,Common,1st Edition,Blazing Genesis,BG-EN047,83584898,83584898,,
Full-Force Strike,1,Common,1st Edition,Blazing Genesis,BG-EN048,81000306,81000306,,
Gaia Power,1,Common,1st Edition,Blazing Genesis,BG-EN049,56594520,56594520,,
Molten Destruction,1,Common,1st Edition,Blazing Genesis,BG-EN050,19384334,19384334,,
Nobleman of Extermination,1,Common,1st Edition,Blazing Genesis,BG-EN051,17449108,17449108,,
Shield Crush,1,Common,1st Edition,Blazing Genesis,BG-EN052,30683373,30683373,,
Super Solar Nutrient,1,Common,1st Edition,Blazing Genesis,BG-EN053,28529976,28529976,,
United We Stand,1,Common,1st Edition,Blazing Genesis,BG-EN054,56747793,56747793,,
Unicorn Beacon,1,Common,1st Edition,Blazing Genesis,BG-EN055,63595262,63595262,,
Call of the Mummy,1,Common,1st Edition,Blazing Genesis,BG-EN056,4861205,4861205,,
Butterflyoke,1,Common,1st Edition,Blazing Genesis,BG-EN057,75987257,75987257,,
Divine Wrath,1,Common,1st Edition,Blazing Genesis,BG-EN058,49010598,49010598,,
Interdimensional Matter Transporter,1,Common,1st Edition,Blazing Genesis,BG-EN059,36261276,36261276,,
Kunai with Chain,1,Common,1st Edition,Blazing Genesis,BG-EN060,37390589,37390589,,
Black Brutdrago,1,Common,1st Edition,Blazing Genesis,BG-EN061,96029574,96029574,,
HTS Psyhemuth,1,Common,1st Edition,Blazing Genesis,BG-EN062,15028680,15028680,,
Laval Dual Slasher,1,Common,1st Edition,Blazing Genesis,BG-EN063,31632536,31632536,,
Thunder Unicorn,1,Common,1st Edition,Blazing Genesis,BG-EN064,77506119,77506119,,
Level Limit - Area A,1,Common,1st Edition,Blazing Genesis,BG-EN065,54976796,54976796,,
Magic Jammer,1,Common,1st Edition,Blazing Genesis,BG-EN066,77414722,77414722,,
Metalmorph,1,Common,1st Edition,Blazing Genesis,BG-EN067,68540058,68540058,,
Proof of Powerlessness,1,Common,1st Edition,Blazing Genesis,BG-EN068,11373345,11373345,,
Rising Energy,1,Common,1st Edition,Blazing Genesis,BG-EN069,78211862,78211862,,
Sakuretsu Armor,1,Common,1st Edition,Blazing Genesis,BG-EN070,56120475,56120475,,
Seven Tools of the Bandit,1,Common,1st Edition,Blazing Genesis,BG-EN071,3819470,3819470,,
Shadow Spell,1,Common,1st Edition,Blazing Genesis,BG-EN072,29267084,29267084,,
Threatening Roar,1,Common,1st Edition,Blazing Genesis,BG-EN073,36361633,36361633,,
Trap Jammer,1,Common,1st Edition,Blazing Genesis,BG-EN074,19252988,19252988,,
Baby Raccoon Tantan,1,Rare,1st Edition,Blazing Genesis,BG-EN075,28118128,28118128,,
Battlin' Boxer Rabbit Puncher,1,Rare,1st Edition,Blazing Genesis,BG-EN076,61679541,61679541,,
D.D. Assailant,1,Rare,1st Edition,Blazing Genesis,BG-EN077,70074904,70074904,,
Daidara-Bocchi,1,Rare,1st Edition,Blazing Genesis,BG-EN078,69133798,69133798,,
Dandylion,1,Rare,1st Edition,Blazing Genesis,BG-EN079,15341821,15341821,,
Giant Rat,1,Rare,1st Edition,Blazing Genesis,BG-EN080,97017120,97017120,,
Glow-Up Bloom,1,Rare,1st Edition,Blazing Genesis,BG-EN081,92964816,92964816,,
King of the Beasts,1,Rare,1st Edition,Blazing Genesis,BG-EN082,67757079,67757079,,
Mystic Tomato,1,Rare,1st Edition,Blazing Genesis,BG-EN083,83011277,83011277,,
Naturia Camellia,1,Rare,1st Edition,Blazing Genesis,BG-EN084,29942771,29942771,,
Pyramid Turtle,1,Rare,1st Edition,Blazing Genesis,BG-EN085,77044671,77044671,,
Sangan,1,Rare,1st Edition,Blazing Genesis,BG-EN086,26202165,26202165,L,
Shiranui Spiritmaster,1,Rare,1st Edition,Blazing Genesis,BG-EN087,99423156,99423156,,
The Fabled Ganashia,1,Rare,1st Edition,Blazing Genesis,BG-EN088,18282103,18282103,,
UFO Turtle,1,Rare,1st Edition,Blazing Genesis,BG-EN089,60806437,60806437,,
World Carrotweight Champion,1,Rare,1st Edition,Blazing Genesis,BG-EN090,44928016,44928016,,
Angel Trumpeter,1,Rare,1st Edition,Blazing Genesis,BG-EN091,87979586,87979586,,
Arms Regeneration,1,Rare,1st Edition,Blazing Genesis,BG-EN092,32549749,32549749,,
My Body as a Shield,1,Rare,1st Edition,Blazing Genesis,BG-EN093,69279219,69279219,,
Power Pickaxe,1,Rare,1st Edition,Blazing Genesis,BG-EN094,90246973,90246973,,
Salamandra Fusion,1,Rare,1st Edition,Blazing Genesis,BG-EN095,9102835,9102835,,
Smashing Ground,1,Rare,1st Edition,Blazing Genesis,BG-EN096,97169186,97169186,,
Chivalry,1,Rare,1st Edition,Blazing Genesis,BG-EN097,56532632,56532632,,
Liberty at Last!,1,Rare,1st Edition,Blazing Genesis,BG-EN098,72022087,72022087,,
Prideful Roar,1,Rare,1st Edition,Blazing Genesis,BG-EN099,66518841,66518841,,
Raigeki Break,1,Rare,1st Edition,Blazing Genesis,BG-EN100,4178474,4178474,,
"Celestial Wolf Lord, Blue Sirius",1,Rare,1st Edition,Blazing Genesis,BG-EN101,32995007,32995007,,
Red Dragon Archfiend,1,Rare,1st Edition,Blazing Genesis,BG-EN102,70902743,70902743,,
"Tengu, the Winged Mayakashi",1,Rare,1st Edition,Blazing Genesis,BG-EN103,4103668,4103668,,
"Yoko, the Graceful Mayakashi",1,Rare,1st Edition,Blazing Genesis,BG-EN104,3486020,3486020,,
Baby Raccoon Ponpoko,1,Super Rare,1st Edition,Blazing Genesis,BG-EN105,92729410,92729410,,
Battlin' Boxer Headgeared,1,Super Rare,1st Edition,Blazing Genesis,BG-EN106,79867938,79867938,,
Blue Flame Swordsman,1,Super Rare,1st Edition,Blazing Genesis,BG-EN107,50903514,50903514,,
Cyclos the Circular Sprite,1,Super Rare,1st Edition,Blazing Genesis,BG-EN108,21036656,21036656,L,3
Fairyant the Circular Sorcerer,1,Super Rare,1st Edition,Blazing Genesis,BG-EN109,53416326,53416326,,2
Fencing Fire Ferret,1,Super Rare,1st Edition,Blazing Genesis,BG-EN110,97396380,97396380,,
Fighting Flame Swordsman,1,Super Rare,1st Edition,Blazing Genesis,BG-EN111,1047075,1047075,,
Flamvell Firedog,1,Super Rare,1st Edition,Blazing Genesis,BG-EN112,23297235,23297235,,
Goblin Zombie,1,Super Rare,1st Edition,Blazing Genesis,BG-EN113,63665875,63665875,,
Granmarg the Rock Monarch,1,Super Rare,1st Edition,Blazing Genesis,BG-EN114,60229110,60229110,,
Peropero Cerperus,1,Super Rare,1st Edition,Blazing Genesis,BG-EN115,69764158,69764158,,
Plaguespreader Zombie,1,Super Rare,1st Edition,Blazing Genesis,BG-EN116,33420078,33420078,,
Spore,1,Super Rare,1st Edition,Blazing Genesis,BG-EN117,11747708,11747708,,
The Fabled Catsith,1,Super Rare,1st Edition,Blazing Genesis,BG-EN118,56399890,56399890,,
Dark Hole,1,Super Rare,1st Edition,Blazing Genesis,BG-EN119,53129443,53129443,L,
Gold Sarcophagus,1,Super Rare,1st Edition,Blazing Genesis,BG-EN120,75500286,75500286,,2
One for One,1,Super Rare,1st Edition,Blazing Genesis,BG-EN121,2295440,2295440,,1
Seven Stars Slash - Army Annihilator Hagun,1,Super Rare,1st Edition,Blazing Genesis,BG-EN122,65114115,65114115,,
Soul Exchange,1,Super Rare,1st Edition,Blazing Genesis,BG-EN123,68005187,68005187,,
The Warrior Returning Alive,1,Super Rare,1st Edition,Blazing Genesis,BG-EN124,95281259,95281259,,
Unexpected Dai,1,Super Rare,1st Edition,Blazing Genesis,BG-EN125,911883,911883,,
Ballista Squad,1,Super Rare,1st Edition,Blazing Genesis,BG-EN126,80584548,80584548,,
Call of the Haunted,1,Super Rare,1st Edition,Blazing Genesis,BG-EN127,97077563,97077563,F,
Mirror Force,1,Super Rare,1st Edition,Blazing Genesis,BG-EN128,44095762,44095762,L,
Needle Ceiling,1,Super Rare,1st Edition,Blazing Genesis,BG-EN129,38411870,38411870,,
Underworld Fighter Balmung,1,Super Rare,1st Edition,Blazing Genesis,BG-EN130,52639377,52639377,,
Fabled Ragin,1,Super Rare,1st Edition,Blazing Genesis,BG-EN131,47395382,47395382,,
Armored White Bear,1,Ultra Rare,1st Edition,Blazing Genesis,BG-EN132,17170970,17170970,,
Sublimation Knight,1,Ultra Rare,1st Edition,Blazing Genesis,BG-EN133,54485355,54485355,,
Sylvan Komushroomo,1,Ultra Rare,1st Edition,Blazing Genesis,BG-EN134,99641328,99641328,,
The Fabled Abanc,1,Ultra Rare,1st Edition,Blazing Genesis,BG-EN135,83039608,83039608,,
"Therion ""Bull"" Ain",1,Ultra Rare,1st Edition,Blazing Genesis,BG-EN136,84332527,84332527,,
Thestalos the Firestorm Monarch,1,Ultra Rare,1st Edition,Blazing Genesis,BG-EN137,26205777,26205777,,
Vendread Core,1,Ultra Rare,1st Edition,Blazing Genesis,BG-EN138,49394035,49394035,,
Zombie Master,1,Ultra Rare,1st Edition,Blazing Genesis,BG-EN139,17259470,17259470,,
Oil,1,Ultra Rare,1st Edition,Blazing Genesis,BG-EN140,74055055,74055055,,
Reinforcement of the Army,1,Ultra Rare,1st Edition,Blazing Genesis,BG-EN141,32807846,32807846,S,2
Bottomless Trap Hole,1,Ultra Rare,1st Edition,Blazing Genesis,BG-EN142,29401950,29401950,S,
Colossal Fighter,1,Ultra Rare,1st Edition,Blazing Genesis,BG-EN143,23693634,23693634,,
Stardust Charge Warrior,1,Ultra Rare,1st Edition,Blazing Genesis,BG-EN144,64880894,64880894,L,3
Black Rose Dragon,1,Ultra Rare,1st Edition,Blazing Genesis,BG-EN145,73580471,73580471,L,
Changshi the Spiridao,1,Secret Rare,1st Edition,Blazing Genesis,BG-EN146,76352503,76352503,,
Infernoble Knight Ricciardetto,1,Secret Rare,1st Edition,Blazing Genesis,BG-EN147,53404966,53404966,,
"Valerifawn, Mystical Beast of the Forest",1,Secret Rare,1st Edition,Blazing Genesis,BG-EN148,24096499,24096499,,
Ally of Justice Catastor,1,Secret Rare,1st Edition,Blazing Genesis,BG-EN149,26593852,26593852,,
Circle of the Fairies,1,Secret Rare,1st Edition,Blazing Genesis,BG-EN150,12954226,12954226,,
Adularia of the June Moon,1,Common,1st Edition,Evolving Maelstrom,EM-EN001,15464375,15464375,,
Alien Stealthbuster,1,Common,1st Edition,Evolving Maelstrom,EM-EN002,58066722,58066722,,
"Armed Dragon, the Armored Dragon",1,Common,1st Edition,Evolving Maelstrom,EM-EN003,75220074,75220074,,
Armored Bee,1,Common,1st Edition,Evolving Maelstrom,EM-EN004,86915847,86915847,,
Aspischool,1,Common,1st Edition,Evolving Maelstrom,EM-EN005,12888461,12888461,,
Battlewasp - Pin the Bullseye,1,Common,1st Edition,Evolving Maelstrom,EM-EN006,65899613,65899613,,
Crystron Quan,1,Common,1st Edition,Evolving Maelstrom,EM-EN007,93665266,93665266,,
Cyber Valley,1,Common,1st Edition,Evolving Maelstrom,EM-EN008,3657444,3657444,,
Desert Twister,1,Common,1st Edition,Evolving Maelstrom,EM-EN009,81977953,81977953,,
Dragon Ice,1,Common,1st Edition,Evolving Maelstrom,EM-EN010,64262809,64262809,,
Dragunity Darkspear,1,Common,1st Edition,Evolving Maelstrom,EM-EN011,13361027,13361027,,
Dragunity Phalanx,1,Common,1st Edition,Evolving Maelstrom,EM-EN012,59755122,59755122,,
Dragunity Primus Pilus,1,Common,1st Edition,Evolving Maelstrom,EM-EN013,18060565,18060565,,
Dragunity Tribus,1,Common,1st Edition,Evolving Maelstrom,EM-EN014,81962318,81962318,,
Evilswarm Hraesvelg,1,Common,1st Edition,Evolving Maelstrom,EM-EN015,35209994,35209994,,
Garuda the Wind Spirit,1,Common,1st Edition,Evolving Maelstrom,EM-EN016,12800777,12800777,,
Gishki Beast,1,Common,1st Edition,Evolving Maelstrom,EM-EN017,36227804,36227804,,
Gusto Egul,1,Common,1st Edition,Evolving Maelstrom,EM-EN018,91662792,91662792,,
Gusto Griffin,1,Common,1st Edition,Evolving Maelstrom,EM-EN019,42082363,42082363,,
Gusto Gulldo,1,Common,1st Edition,Evolving Maelstrom,EM-EN020,65277087,65277087,,
Harpie Dancer,1,Common,1st Edition,Evolving Maelstrom,EM-EN021,68815132,68815132,,
Harpie Lady 2,1,Common,1st Edition,Evolving Maelstrom,EM-EN022,27927359,27927359,,
Junk Synchron,1,Common,1st Edition,Evolving Maelstrom,EM-EN023,63977008,63977008,,
"Karakuri Barrel mdl 96 ""Shinkuro""",1,Common,1st Edition,Evolving Maelstrom,EM-EN024,92300891,92300891,,
"Karakuri Ninja mdl 339 ""Sazank""",1,Common,1st Edition,Evolving Maelstrom,EM-EN025,93724592,93724592,,
Laughing Puffin,1,Common,1st Edition,Evolving Maelstrom,EM-EN026,80275707,80275707,,
Loud Cloud the Storm Serpent,1,Common,1st Edition,Evolving Maelstrom,EM-EN027,61465001,61465001,,
Majiosheldon,1,Common,1st Edition,Evolving Maelstrom,EM-EN028,59951714,59951714,,
Masked Dragon,1,Common,1st Edition,Evolving Maelstrom,EM-EN029,39191307,39191307,,
Master's Diploman,1,Common,1st Edition,Evolving Maelstrom,EM-EN030,11327848,11327848,,
Mist Valley Falcon,1,Common,1st Edition,Evolving Maelstrom,EM-EN031,82199284,82199284,,
Necro Synchron,1,Common,1st Edition,Evolving Maelstrom,EM-EN032,48421595,48421595,,
Oyster Meister,1,Common,1st Edition,Evolving Maelstrom,EM-EN033,83239739,83239739,,
Performapal Spikeagle,1,Common,1st Edition,Evolving Maelstrom,EM-EN034,22091345,22091345,,
Speedroid CarTurbo,1,Common,1st Edition,Evolving Maelstrom,EM-EN035,96945958,96945958,,
Speedroid Pachingo-Kart,1,Common,1st Edition,Evolving Maelstrom,EM-EN036,85034450,85034450,,
Sphere of Chaos,1,Common,1st Edition,Evolving Maelstrom,EM-EN037,82693042,82693042,,
Symphonic Warrior Basses,1,Common,1st Edition,Evolving Maelstrom,EM-EN038,68933343,68933343,,
Symphonic Warrior Piaano,1,Common,1st Edition,Evolving Maelstrom,EM-EN039,31826057,31826057,,
Tin Goldfish,1,Common,1st Edition,Evolving Maelstrom,EM-EN040,18063928,18063928,,
Gagagigo,1,Common,1st Edition,Evolving Maelstrom,EM-EN041,49003308,49003308,,
Arrivalrivals,1,Common,1st Edition,Evolving Maelstrom,EM-EN042,29508346,29508346,,
Battle Tuned,1,Common,1st Edition,Evolving Maelstrom,EM-EN043,5052212,5052212,,
Beetrooper Descent,1,Common,1st Edition,Evolving Maelstrom,EM-EN044,87240371,87240371,,
Cards of Consonance,1,Common,1st Edition,Evolving Maelstrom,EM-EN045,39701395,39701395,,
Cattle Call,1,Common,1st Edition,Evolving Maelstrom,EM-EN046,50619462,50619462,,
De-Synchro,1,Common,1st Edition,Evolving Maelstrom,EM-EN047,32441317,32441317,,
"Elborz, the Sacred Lands of Simorgh",1,Common,1st Edition,Evolving Maelstrom,EM-EN048,92223430,92223430,,
Iron Call,1,Common,1st Edition,Evolving Maelstrom,EM-EN049,64662453,64662453,,
Quill Pen of Gulldos,1,Common,1st Edition,Evolving Maelstrom,EM-EN050,27980138,27980138,,
Summon Storm,1,Common,1st Edition,Evolving Maelstrom,EM-EN051,71459861,71459861,,
Swallow's Nest,1,Common,1st Edition,Evolving Maelstrom,EM-EN052,94145683,94145683,,
Swords of Revealing Light,1,Common,1st Edition,Evolving Maelstrom,EM-EN053,72302403,72302403,,
Damage Condenser,1,Common,1st Edition,Evolving Maelstrom,EM-EN054,28378427,28378427,,
Destruction Jammer,1,Common,1st Edition,Evolving Maelstrom,EM-EN055,98956134,98956134,,
Dragoncarnation,1,Common,1st Edition,Evolving Maelstrom,EM-EN056,5325424,5325424,,
Face-Off,1,Common,1st Edition,Evolving Maelstrom,EM-EN057,39276790,39276790,,
Mirror Wall,1,Common,1st Edition,Evolving Maelstrom,EM-EN058,22359980,22359980,,
Premature Return,1,Common,1st Edition,Evolving Maelstrom,EM-EN059,95083785,95083785,,
Pulse Mines,1,Common,1st Edition,Evolving Maelstrom,EM-EN060,58464739,58464739,,
Deskbot Jet,1,Common,1st Edition,Evolving Maelstrom,EM-EN061,89544521,89544521,,
Powered Inzektron,1,Common,1st Edition,Evolving Maelstrom,EM-EN062,46132282,46132282,,
Vortex the Whirlwind,1,Common,1st Edition,Evolving Maelstrom,EM-EN063,25373678,25373678,,
Spiritual Wind Art - Miyabi,1,Common,1st Edition,Evolving Maelstrom,EM-EN064,79333300,79333300,,
Switch Point,1,Common,1st Edition,Evolving Maelstrom,EM-EN065,47961342,47961342,,
"Alector, Sovereign of Birds",1,Rare,1st Edition,Evolving Maelstrom,EM-EN066,17573739,17573739,,
Background Dragon,1,Rare,1st Edition,Evolving Maelstrom,EM-EN067,84976088,84976088,,
Crane Crane,1,Rare,1st Edition,Evolving Maelstrom,EM-EN068,28637168,28637168,,
Crystron Prasiortle,1,Rare,1st Edition,Evolving Maelstrom,EM-EN069,56049970,56049970,,
Cyberdark Horn,1,Rare,1st Edition,Evolving Maelstrom,EM-EN070,41230939,41230939,,
Dragunity Legionnaire,1,Rare,1st Edition,Evolving Maelstrom,EM-EN071,54578613,54578613,,
Eria the Water Channeler,1,Rare,1st Edition,Evolving Maelstrom,EM-EN072,15746348,15746348,,
Flying Kamakiri #1,1,Rare,1st Edition,Evolving Maelstrom,EM-EN073,84834865,84834865,,
Gishki Ariel,1,Rare,1st Edition,Evolving Maelstrom,EM-EN074,92784374,92784374,,
"Majesty Maiden, the True Dracocaster",1,Rare,1st Edition,Evolving Maelstrom,EM-EN075,95004025,95004025,,
Omni Dragon Brotaur,1,Rare,1st Edition,Evolving Maelstrom,EM-EN076,8972398,8972398,,
Primitive Butterfly,1,Rare,1st Edition,Evolving Maelstrom,EM-EN077,98154550,98154550,,
Quillbolt Hedgehog,1,Rare,1st Edition,Evolving Maelstrom,EM-EN078,23571046,23571046,,
Speedroid Horse Stilts,1,Rare,1st Edition,Evolving Maelstrom,EM-EN079,17328157,17328157,,
Speedroid Taketomborg,1,Rare,1st Edition,Evolving Maelstrom,EM-EN080,53932291,53932291,,
The Cuckoo Commanded to Croon,1,Rare,1st Edition,Evolving Maelstrom,EM-EN081,48386462,48386462,,
Unknown Synchron,1,Rare,1st Edition,Evolving Maelstrom,EM-EN082,15310033,15310033,,
Wattgiraffe,1,Rare,1st Edition,Evolving Maelstrom,EM-EN083,402568,402568,,
Cosmic Cyclone,1,Rare,1st Edition,Evolving Maelstrom,EM-EN084,8267140,8267140,,
Gadget Box,1,Rare,1st Edition,Evolving Maelstrom,EM-EN085,8025950,8025950,,
Gravedigger Ghoul,1,Rare,1st Edition,Evolving Maelstrom,EM-EN086,82542267,82542267,,
Pianissimo,1,Rare,1st Edition,Evolving Maelstrom,EM-EN087,70899775,70899775,,
Super Rush Headlong,1,Rare,1st Edition,Evolving Maelstrom,EM-EN088,48422921,48422921,,
Peaceful Burial,1,Rare,1st Edition,Evolving Maelstrom,EM-EN089,14055212,14055212,,
Spiritual Swords of Revealing Light,1,Rare,1st Edition,Evolving Maelstrom,EM-EN090,78625592,78625592,,
Swamp Mirrorer,1,Rare,1st Edition,Evolving Maelstrom,EM-EN091,50277973,50277973,,
Treacherous Trap Hole,1,Rare,1st Edition,Evolving Maelstrom,EM-EN092,99590524,99590524,,
Whirlwind of Gusto,1,Rare,1st Edition,Evolving Maelstrom,EM-EN093,91822647,91822647,,
Battlewasp - Sachi the Ceremonial Bow,1,Rare,1st Edition,Evolving Maelstrom,EM-EN094,71456737,71456737,,
Mist Bird Clausolas,1,Rare,1st Edition,Evolving Maelstrom,EM-EN095,15240238,15240238,,
Blackwing - Zephyros the Elite,1,Super Rare,1st Edition,Evolving Maelstrom,EM-EN096,14785765,14785765,,1
Crystron Rion,1,Super Rare,1st Edition,Evolving Maelstrom,EM-EN097,66938505,66938505,,
Crystron Rosenix,1,Super Rare,1st Edition,Evolving Maelstrom,EM-EN098,55326322,55326322,,
"Gizmek Arakami, the Hailbringer Hog",1,Super Rare,1st Edition,Evolving Maelstrom,EM-EN099,59789370,59789370,,
"Gizmek Taniguku, the Immobile Intellect",1,Super Rare,1st Edition,Evolving Maelstrom,EM-EN100,23384666,23384666,,
Glacial Beast Polar Penguin,1,Super Rare,1st Edition,Evolving Maelstrom,EM-EN101,79169622,79169622,,
Glife the Phantom Bird,1,Super Rare,1st Edition,Evolving Maelstrom,EM-EN102,899287,899287,,2
Ice Doll,1,Super Rare,1st Edition,Evolving Maelstrom,EM-EN103,97476032,97476032,,
Ichiki Sayori-Hime,1,Super Rare,1st Edition,Evolving Maelstrom,EM-EN104,9627299,9627299,,
Interplanetarypurplythorny Dragon,1,Super Rare,1st Edition,Evolving Maelstrom,EM-EN105,25206027,25206027,,
Praying Mantis,1,Super Rare,1st Edition,Evolving Maelstrom,EM-EN106,31600513,31600513,,
Symphonic Warrior Synthess,1,Super Rare,1st Edition,Evolving Maelstrom,EM-EN107,49919798,49919798,,
Tenyi Spirit - Suruya,1,Super Rare,1st Edition,Evolving Maelstrom,EM-EN108,52854600,52854600,,
Wynn the Wind Channeler,1,Super Rare,1st Edition,Evolving Maelstrom,EM-EN109,86395581,86395581,,
Red-Eyes Black Dragon,1,Super Rare,1st Edition,Evolving Maelstrom,EM-EN110,74677422,74677422,,
Night Beam,1,Super Rare,1st Edition,Evolving Maelstrom,EM-EN111,89882100,89882100,,
Thunder Dragon Fusion,1,Super Rare,1st Edition,Evolving Maelstrom,EM-EN112,95238394,95238394,,
Hero's Rule 2,1,Super Rare,1st Edition,Evolving Maelstrom,EM-EN113,85854214,85854214,,
Karma Cut,1,Super Rare,1st Edition,Evolving Maelstrom,EM-EN114,71587526,71587526,,
King's Consonance,1,Super Rare,1st Edition,Evolving Maelstrom,EM-EN115,24590232,24590232,,
Memory Loss,1,Super Rare,1st Edition,Evolving Maelstrom,EM-EN116,71098407,71098407,,
Wiretap,1,Super Rare,1st Edition,Evolving Maelstrom,EM-EN117,34507039,34507039,,
"Arionpos, Serpent of the Ghoti",1,Super Rare,1st Edition,Evolving Maelstrom,EM-EN118,65910922,65910922,,
Battlewasp - Halberd the Charge,1,Super Rare,1st Edition,Evolving Maelstrom,EM-EN119,53950487,53950487,,
Crystron Ametrix,1,Super Rare,1st Edition,Evolving Maelstrom,EM-EN120,76359406,76359406,,
Dragunity Knight - Gae Bulg,1,Super Rare,1st Edition,Evolving Maelstrom,EM-EN121,900787,900787,,
"Karakuri Shogun mdl 00 ""Burei""",1,Super Rare,1st Edition,Evolving Maelstrom,EM-EN122,23874409,23874409,,
Battlewasp - Rapier the Onslaught,1,Ultra Rare,1st Edition,Evolving Maelstrom,EM-EN123,56146300,56146300,,
Crystron Thystvern,1,Ultra Rare,1st Edition,Evolving Maelstrom,EM-EN124,29838323,29838323,,
Dragunity Dux,1,Ultra Rare,1st Edition,Evolving Maelstrom,EM-EN125,28183605,28183605,,
Harpie Harpist,1,Ultra Rare,1st Edition,Evolving Maelstrom,EM-EN126,56585883,56585883,,
Scrap Recycler,1,Ultra Rare,1st Edition,Evolving Maelstrom,EM-EN127,4334811,4334811,,
Battlewasp Wind,1,Ultra Rare,1st Edition,Evolving Maelstrom,EM-EN128,67441879,67441879,,
Destructive Daruma Karma Cannon,1,Ultra Rare,1st Edition,Evolving Maelstrom,EM-EN129,30748475,30748475,S,3
Disappear,1,Ultra Rare,1st Edition,Evolving Maelstrom,EM-EN130,24623598,24623598,,
E.M.R.,1,Ultra Rare,1st Edition,Evolving Maelstrom,EM-EN131,17427333,17427333,,
Floodgate Trap Hole,1,Ultra Rare,1st Edition,Evolving Maelstrom,EM-EN132,69599136,69599136,S,2
Speedroid Dupligate,1,Ultra Rare,1st Edition,Evolving Maelstrom,EM-EN133,58543073,58543073,,
Trap Stun,1,Ultra Rare,1st Edition,Evolving Maelstrom,EM-EN134,59616123,59616123,,2
Battlewasp - Ballista the Armageddon,1,Ultra Rare,1st Edition,Evolving Maelstrom,EM-EN135,26443791,26443791,,
Dragunity Knight - Gae Dearg,1,Ultra Rare,1st Edition,Evolving Maelstrom,EM-EN136,34116027,34116027,,
Dragunity Guisarme,1,Secret Rare,1st Edition,Evolving Maelstrom,EM-EN137,69975751,69975751,,
Kochobo's Hinamatsuri,1,Secret Rare,1st Edition,Evolving Maelstrom,EM-EN138,55359571,55359571,,
Foolish Burial,1,Secret Rare,1st Edition,Evolving Maelstrom,EM-EN139,81439173,81439173,,4
Kuibelt the Blade Dragon,1,Secret Rare,1st Edition,Evolving Maelstrom,EM-EN140,87837090,87837090,,
A/D Changer,1,Common,1st Edition,Ruins of Obsidian,RO-EN001,96146814,96146814,,
Apprentice Magician,1,Common,1st Edition,Ruins of Obsidian,RO-EN002,9156135,9156135,,
"Aztekipede, the Worm Warrior",1,Common,1st Edition,Ruins of Obsidian,RO-EN003,75081613,75081613,,
Big Piece Golem,1,Common,1st Edition,Ruins of Obsidian,RO-EN004,25247218,25247218,,
Brushfire Knight,1,Common,1st Edition,Ruins of Obsidian,RO-EN005,36569343,36569343,,
Chronomaly Colossal Head,1,Common,1st Edition,Ruins of Obsidian,RO-EN006,52158283,52158283,,
Desert Twister,1,Common,1st Edition,Ruins of Obsidian,RO-EN007,81977953,81977953,,
Dimension Conjurer,1,Common,1st Edition,Ruins of Obsidian,RO-EN008,77683371,77683371,,
Eccentric Boy,1,Common,1st Edition,Ruins of Obsidian,RO-EN009,16825874,16825874,,
Golem Sentry,1,Common,1st Edition,Ruins of Obsidian,RO-EN010,52323207,52323207,,
Gravekeeper's Descendant,1,Common,1st Edition,Ruins of Obsidian,RO-EN011,30213599,30213599,,
Gravekeeper's Guard,1,Common,1st Edition,Ruins of Obsidian,RO-EN012,37101832,37101832,,
Guardian Sphinx,1,Common,1st Edition,Ruins of Obsidian,RO-EN013,40659562,40659562,,
Guldfaxe of the Nordic Beasts,1,Common,1st Edition,Ruins of Obsidian,RO-EN014,41788781,41788781,,
Howling Insect,1,Common,1st Edition,Ruins of Obsidian,RO-EN015,93107608,93107608,,
Junk Synchron,1,Common,1st Edition,Ruins of Obsidian,RO-EN016,63977008,63977008,,
"Kumongous, the Sticky String Kaiju",1,Common,1st Edition,Ruins of Obsidian,RO-EN017,29726552,29726552,,
Kuraz the Light Monarch,1,Common,1st Edition,Ruins of Obsidian,RO-EN018,57666212,57666212,,
Legendary Jujitsu Master,1,Common,1st Edition,Ruins of Obsidian,RO-EN019,25773409,25773409,,
Magical Exemplar,1,Common,1st Edition,Ruins of Obsidian,RO-EN020,6061630,6061630,,
Magician of Faith,1,Common,1st Edition,Ruins of Obsidian,RO-EN021,31560081,31560081,,
Naturia Cherries,1,Common,1st Edition,Ruins of Obsidian,RO-EN022,60668166,60668166,,
Nefarious Archfiend Eater of Nefariousness,1,Common,1st Edition,Ruins of Obsidian,RO-EN023,60666820,60666820,,
Nobleman-Eater Bug,1,Common,1st Edition,Ruins of Obsidian,RO-EN024,65878864,65878864,,
Old Vindictive Magician,1,Common,1st Edition,Ruins of Obsidian,RO-EN025,45141844,45141844,,
Performapal Sleight Hand Magician,1,Common,1st Edition,Ruins of Obsidian,RO-EN026,20403123,20403123,,
Predaplant Ophrys Scorpio,1,Common,1st Edition,Ruins of Obsidian,RO-EN027,35272499,35272499,,
Rucia of the White Forest,1,Common,1st Edition,Ruins of Obsidian,RO-EN028,24779554,24779554,,
Shaddoll Hound,1,Common,1st Edition,Ruins of Obsidian,RO-EN029,52551211,52551211,,
Shell Knight,1,Common,1st Edition,Ruins of Obsidian,RO-EN030,10163855,10163855,,
T.G. Warwolf,1,Common,1st Edition,Ruins of Obsidian,RO-EN031,293542,293542,,
Tackle Crusader,1,Common,1st Edition,Ruins of Obsidian,RO-EN032,12467005,12467005,,
The Rock Spirit,1,Common,1st Edition,Ruins of Obsidian,RO-EN033,76305638,76305638,,
Valkyrion the Magna Warrior,1,Common,1st Edition,Ruins of Obsidian,RO-EN034,75347539,75347539,,
Weeping Idol,1,Common,1st Edition,Ruins of Obsidian,RO-EN035,5763020,5763020,,
Witch Doctor of Chaos,1,Common,1st Edition,Ruins of Obsidian,RO-EN036,75946257,75946257,,
Beta The Magnet Warrior,1,Common,1st Edition,Ruins of Obsidian,RO-EN037,39256679,39256679,,
Gamma the Magnet Warrior,1,Common,1st Edition,Ruins of Obsidian,RO-EN038,11549357,11549357,,
Gem-Knight Lapis,1,Common,1st Edition,Ruins of Obsidian,RO-EN039,99645428,99645428,,
Prisman,1,Common,1st Edition,Ruins of Obsidian,RO-EN040,80234301,80234301,,
Attack the Moon!,1,Common,1st Edition,Ruins of Obsidian,RO-EN041,83715234,83715234,,
Book of Lunar Eclipse,1,Common,1st Edition,Ruins of Obsidian,RO-EN042,31834488,31834488,,
Bownty,1,Common,1st Edition,Ruins of Obsidian,RO-EN043,55351724,55351724,,
Draw Muscle,1,Common,1st Edition,Ruins of Obsidian,RO-EN044,41367003,41367003,,
Gearbreed,1,Common,1st Edition,Ruins of Obsidian,RO-EN045,27979109,27979109,,
Magical Dimension,1,Common,1st Edition,Ruins of Obsidian,RO-EN046,28553439,28553439,,
Offerings to the Doomed,1,Common,1st Edition,Ruins of Obsidian,RO-EN047,19230407,19230407,,
Soul Taker,1,Common,1st Edition,Ruins of Obsidian,RO-EN048,81510157,81510157,,
Spellbook of Power,1,Common,1st Edition,Ruins of Obsidian,RO-EN049,25123082,25123082,,
Stonehenge,1,Common,1st Edition,Ruins of Obsidian,RO-EN050,70786111,70786111,,
Damage Gate,1,Common,1st Edition,Ruins of Obsidian,RO-EN051,87106146,87106146,,
Dark Horizon,1,Common,1st Edition,Ruins of Obsidian,RO-EN052,16964437,16964437,,
Dark Mirror Force,1,Common,1st Edition,Ruins of Obsidian,RO-EN053,20522190,20522190,,
Desert Sunlight,1,Common,1st Edition,Ruins of Obsidian,RO-EN054,93747864,93747864,,
Magical Hats,1,Common,1st Edition,Ruins of Obsidian,RO-EN055,81210420,81210420,,
Metamorphortress,1,Common,1st Edition,Ruins of Obsidian,RO-EN056,43959432,43959432,,
Painful Escape,1,Common,1st Edition,Ruins of Obsidian,RO-EN057,20513882,20513882,,
Rock Bombardment,1,Common,1st Edition,Ruins of Obsidian,RO-EN058,20781762,20781762,,
Shapesister,1,Common,1st Edition,Ruins of Obsidian,RO-EN059,92099232,92099232,,
Spiritual Earth Art - Kurogane,1,Common,1st Edition,Ruins of Obsidian,RO-EN060,70156997,70156997,,
Flamvell Uruquizas,1,Common,1st Edition,Ruins of Obsidian,RO-EN061,53714009,53714009,,
Giganticastle,1,Common,1st Edition,Ruins of Obsidian,RO-EN062,63422098,63422098,,
Gravity Warrior,1,Common,1st Edition,Ruins of Obsidian,RO-EN063,44035031,44035031,,
Junk Archer,1,Common,1st Edition,Ruins of Obsidian,RO-EN064,42810973,42810973,,
The Golden Apples,1,Common,1st Edition,Ruins of Obsidian,RO-EN065,42671151,42671151,,
Alpha The Electromagnet Warrior,1,Rare,1st Edition,Ruins of Obsidian,RO-EN066,42023223,42023223,,
Astra Ghouls,1,Rare,1st Edition,Ruins of Obsidian,RO-EN067,69170403,69170403,,
Beetrooper Assault Roller,1,Rare,1st Edition,Ruins of Obsidian,RO-EN068,51578214,51578214,,
Block Golem,1,Rare,1st Edition,Ruins of Obsidian,RO-EN069,72580321,72580321,,
Dogu,1,Rare,1st Edition,Ruins of Obsidian,RO-EN070,95816395,95816395,,
Gem-Knight Obsidian,1,Rare,1st Edition,Ruins of Obsidian,RO-EN071,19163116,19163116,,
Gem-Merchant,1,Rare,1st Edition,Ruins of Obsidian,RO-EN072,53408006,53408006,,
Golem that Guards the Millennium Treasures,1,Rare,1st Edition,Ruins of Obsidian,RO-EN073,74169516,74169516,,
Gravekeeper's Spy,1,Rare,1st Edition,Ruins of Obsidian,RO-EN074,24317029,24317029,,
Hiita the Fire Channeler,1,Rare,1st Edition,Ruins of Obsidian,RO-EN075,76615300,76615300,,
Landrobe the Rock Vassal,1,Rare,1st Edition,Ruins of Obsidian,RO-EN076,95993388,95993388,,
Madolche Magileine,1,Rare,1st Edition,Ruins of Obsidian,RO-EN077,11868731,11868731,,
Magical Undertaker,1,Rare,1st Edition,Ruins of Obsidian,RO-EN078,30608985,30608985,,
Magician of Faithfulness,1,Rare,1st Edition,Ruins of Obsidian,RO-EN079,67853262,67853262,,
Predaplant Byblisp,1,Rare,1st Edition,Ruins of Obsidian,RO-EN080,44932065,44932065,,
Weathering Soldier,1,Rare,1st Edition,Ruins of Obsidian,RO-EN081,23147658,23147658,,
Adamancipator Laputite,1,Rare,1st Edition,Ruins of Obsidian,RO-EN082,46552140,46552140,,
Eye of Illusion,1,Rare,1st Edition,Ruins of Obsidian,RO-EN083,23446369,23446369,,
Forbidden Dress,1,Rare,1st Edition,Ruins of Obsidian,RO-EN084,96864811,96864811,,
Gravedigger Ghoul,1,Rare,1st Edition,Ruins of Obsidian,RO-EN085,82542267,82542267,,
Spellbook of Secrets,1,Rare,1st Edition,Ruins of Obsidian,RO-EN086,89739383,89739383,,
Ultimate Slayer,1,Rare,1st Edition,Ruins of Obsidian,RO-EN087,2263869,2263869,,
Witchcrafter Scroll,1,Rare,1st Edition,Ruins of Obsidian,RO-EN088,19673561,19673561,,
Wonder Wand,1,Rare,1st Edition,Ruins of Obsidian,RO-EN089,67775894,67775894,,
Peaceful Burial,1,Rare,1st Edition,Ruins of Obsidian,RO-EN090,14055212,14055212,,
Setuppercut,1,Rare,1st Edition,Ruins of Obsidian,RO-EN091,19590644,19590644,,
Skill Prisoner,1,Rare,1st Edition,Ruins of Obsidian,RO-EN092,63227401,63227401,,
Frozen Fitzgerald,1,Rare,1st Edition,Ruins of Obsidian,RO-EN093,94515289,94515289,,
Shiranui Swordsaga,1,Rare,1st Edition,Ruins of Obsidian,RO-EN094,26326541,26326541,,
THE Star Ham,1,Rare,1st Edition,Ruins of Obsidian,RO-EN095,15123983,15123983,,2
Altergeist Malwisp,1,Super Rare,1st Edition,Ruins of Obsidian,RO-EN096,27132400,27132400,,
Altergeist Peritrator,1,Super Rare,1st Edition,Ruins of Obsidian,RO-EN097,54126514,54126514,,
Aussa the Earth Channeler,1,Super Rare,1st Edition,Ruins of Obsidian,RO-EN098,62803464,62803464,,
Baobaboon,1,Super Rare,1st Edition,Ruins of Obsidian,RO-EN099,55705473,55705473,,
Beetron,1,Super Rare,1st Edition,Ruins of Obsidian,RO-EN100,30587695,30587695,,
Breaker the Magical Warrior,1,Super Rare,1st Edition,Ruins of Obsidian,RO-EN101,71413901,71413901,,
Delg the Dark Monarch,1,Super Rare,1st Edition,Ruins of Obsidian,RO-EN102,85718645,85718645,,
Doki Doki,1,Super Rare,1st Edition,Ruins of Obsidian,RO-EN103,42143067,42143067,,
Eidos the Underworld Squire,1,Super Rare,1st Edition,Ruins of Obsidian,RO-EN104,59463312,59463312,,
Gem-Armadillo,1,Super Rare,1st Edition,Ruins of Obsidian,RO-EN105,27004302,27004302,,
"Ghost Lancer, the Underworld Spearman",1,Super Rare,1st Edition,Ruins of Obsidian,RO-EN106,64104037,64104037,,
Infernoble Knight Turpin,1,Super Rare,1st Edition,Ruins of Obsidian,RO-EN107,89809665,89809665,,
Shiranui Spectralsword,1,Super Rare,1st Edition,Ruins of Obsidian,RO-EN108,36630403,36630403,,
Spirit of the Fall Wind,1,Super Rare,1st Edition,Ruins of Obsidian,RO-EN109,26517393,26517393,,
Summoner Monk,1,Super Rare,1st Edition,Ruins of Obsidian,RO-EN110,423585,423585,,
Tenyi Spirit - Suruya,1,Super Rare,1st Edition,Ruins of Obsidian,RO-EN111,52854600,52854600,,
Tsukuyomi,1,Super Rare,1st Edition,Ruins of Obsidian,RO-EN112,34853266,34853266,,
Granmarg the Mega Monarch,1,Super Rare,1st Edition,Ruins of Obsidian,RO-EN113,15545291,15545291,,
Dwimmered Path,1,Super Rare,1st Edition,Ruins of Obsidian,RO-EN114,24721709,24721709,,
Night Beam,1,Super Rare,1st Edition,Ruins of Obsidian,RO-EN115,89882100,89882100,,
Armory Call,1,Super Rare,1st Edition,Ruins of Obsidian,RO-EN116,38960450,38960450,,
Hero's Rule 2,1,Super Rare,1st Edition,Ruins of Obsidian,RO-EN117,85854214,85854214,,
Karma Cut,1,Super Rare,1st Edition,Ruins of Obsidian,RO-EN118,71587526,71587526,,
Memory Loss,1,Super Rare,1st Edition,Ruins of Obsidian,RO-EN119,71098407,71098407,,
Rise to Full Height,1,Super Rare,1st Edition,Ruins of Obsidian,RO-EN120,19254117,19254117,,
Gold Pride - Eradicator,1,Super Rare,1st Edition,Ruins of Obsidian,RO-EN121,45464587,45464587,,
Arcanite Magician,1,Super Rare,1st Edition,Ruins of Obsidian,RO-EN122,31924889,31924889,,
Adamancipator Seeker,1,Ultra Rare,1st Edition,Ruins of Obsidian,RO-EN123,48519867,48519867,,
Beta The Electromagnet Warrior,1,Ultra Rare,1st Edition,Ruins of Obsidian,RO-EN124,79418928,79418928,,
Dragonbite,1,Ultra Rare,1st Edition,Ruins of Obsidian,RO-EN125,84462118,84462118,,
Gokipole,1,Ultra Rare,1st Edition,Ruins of Obsidian,RO-EN126,17535764,17535764,,
Megarock Dragon,1,Ultra Rare,1st Edition,Ruins of Obsidian,RO-EN127,71544954,71544954,,
Resonance Insect,1,Ultra Rare,1st Edition,Ruins of Obsidian,RO-EN128,96938986,96938986,,
Shaddoll Beast,1,Ultra Rare,1st Edition,Ruins of Obsidian,RO-EN129,3717252,3717252,,
Shaddoll Squamata,1,Ultra Rare,1st Edition,Ruins of Obsidian,RO-EN130,30328508,30328508,,
Adamancipator Friends,1,Ultra Rare,1st Edition,Ruins of Obsidian,RO-EN131,99927991,99927991,,
Destructive Daruma Karma Cannon,1,Ultra Rare,1st Edition,Ruins of Obsidian,RO-EN132,30748475,30748475,,
Disappear,1,Ultra Rare,1st Edition,Ruins of Obsidian,RO-EN133,24623598,24623598,,
Fiendish Chain,1,Ultra Rare,1st Edition,Ruins of Obsidian,RO-EN134,50078509,50078509,,
Trap Stun,1,Ultra Rare,1st Edition,Ruins of Obsidian,RO-EN135,59616123,59616123,,
Vermillion Dragon Mech,1,Ultra Rare,1st Edition,Ruins of Obsidian,RO-EN136,66698383,66698383,,2
Adamancipator Researcher,1,Secret Rare,1st Edition,Ruins of Obsidian,RO-EN137,85914562,85914562,,
Shaddoll Dragon,1,Secret Rare,1st Edition,Ruins of Obsidian,RO-EN138,77723643,77723643,,
Pot of Duality,1,Secret Rare,1st Edition,Ruins of Obsidian,RO-EN139,98645731,98645731,,
Stardust Spark Dragon,1,Secret Rare,1st Edition,Ruins of Obsidian,RO-EN140,83994433,83994433,,4
Lifeless Leaffish,1,Ultra Rare,1st Edition,Frostfire Tins Wave 2,CT02-EN001,89617515,89617515,,
Silver's Cry,1,Ultra Rare,1st Edition,Frostfire Tins Wave 2,CT02-EN002,87025064,87025064,,
Angel of Zera,1,Ultra Rare,1st Edition,Frostfire Tins Wave 2,CT02-EN003,42216237,42216237,,
Star Eater,1,Ultra Rare,1st Edition,Frostfire Tins Wave 2,CT02-EN004,41517789,41517789,,
Drillroid,1,Common,1st Edition,Evolving Maelstrom,BP02-EN038,71218746,71218746,,
Fortune Lady Past,1,Common,1st Edition,Ruins of Obsidian,RIRA-EN008,57869175,57869175,,
Gem-Knight Alexandrite,1,Common,1st Edition,Ruins of Obsidian,BLMM-EN107,90019393,90019393,,
Symphonic Warrior Drumss,1,Common,1st Edition,Evolving Maelstrom,OP19-PT031,94331452,94331452,,
Alpha The Magnet Warrior,1,Common,1st Edition,Ruins of Obsidian,LCYW-EN012,99785935,99785935,,
Gem-Knight Garnet,1,Common,1st Edition,Ruins of Obsidian,DT05-EN016,91731841,91731841,,
Harpie Lady,1,Common,1st Edition,Evolving Maelstrom,DB1-EN145,76812113,76812113,,
Daigusto Gulldos,1,Common,1st Edition,Evolving Maelstrom,DT05-EN089,84766279,84766279,,
"Kamui, Hope of Gusto",1,Common,1st Edition,Evolving Maelstrom,DT06-EN080,72439556,72439556,,
Witchcrafter Schmietta,1,Common,1st Edition,Ruins of Obsidian,MP20-EN221,21744288,21744288,,
Tuning,1,Common,1st Edition,Evolving Maelstrom,MP24-EN055,96363153,96363153,,
Beetrooper Scout Buggy,1,Common,1st Edition,Evolving Maelstrom,MP02-EN001,2656842,2656842,,
D.D. Assault Carrier,1,Common,1st Edition,Evolving Maelstrom,MP02-EN002,56790702,56790702,,
Dragunity Remus,1,Common,1st Edition,Evolving Maelstrom,MP02-EN003,26577155,26577155,,
Naturia Cliff,1,Common,1st Edition,Ruins of Obsidian,MP02-EN004,33866130,33866130,,
Queen Butterfly Danaus,1,Common,1st Edition,Evolving Maelstrom,MP02-EN005,13302026,13302026,,
Secret Sect Druid Dru,1,Common,1st Edition,Ruins of Obsidian,MP02-EN006,24062258,24062258,,
Snyffus,1,Common,1st Edition,Ruins of Obsidian,MP02-EN007,35448319,35448319,,
Thunder Dragondark,1,Common,1st Edition,Evolving Maelstrom,MP02-EN008,56713174,56713174,,
White Sardine,1,Common,1st Edition,Evolving Maelstrom,MP02-EN009,98684051,98684051,,
Witchcrafter Pittore,1,Common,1st Edition,Ruins of Obsidian,MP02-EN010,95245544,95245544,,
Worm Cartaros,1,Common,1st Edition,Evolving Maelstrom,MP02-EN011,51043243,51043243,,
Worm Yagan,1,Common,1st Edition,Evolving Maelstrom,MP02-EN012,47111934,47111934,,
Baby Dragon,1,Common,1st Edition,Evolving Maelstrom,MP02-EN013,88819587,88819587,,
Dragunity Divine Lance,1,Common,1st Edition,Evolving Maelstrom,MP02-EN014,60004971,60004971,,
Poly-Chemicritter Dioxogre,1,Common,1st Edition,Ruins of Obsidian,MP02-EN015,44088292,44088292,,
Batteryman Charger,1,Ultra Rare,1st Edition,Frostfire Tins Wave 3,CT03-EN001,83446909,83446909,,
"Carpiponica, Mystical Beast of the Forest",1,Ultra Rare,1st Edition,Frostfire Tins Wave 3,CT03-EN002,85055821,85055821,,
Tenyi Spirit - Nahata,1,Ultra Rare,1st Edition,Frostfire Tins Wave 3,CT03-EN003,97036149,97036149,,
Worm Xex,1,Ultra Rare,1st Edition,Frostfire Tins Wave 3,CT03-EN004,11722335,11722335,,
"Guoglim, Spear of the Ghoti",1,Ultra Rare,1st Edition,Frostfire Tins Wave 3,CT03-EN005,2405631,2405631,,
Old Entity Hastorr,1,Ultra Rare,1st Edition,Frostfire Tins Wave 3,CT03-EN006,70913714,70913714,,2
Dark Magician of Chaos,1,Ultra Rare,1st Edition,Sandstorm Tins Wave 1,CT11-EN001,40737112,40737112,,
Genex Ally Birdman,1,Ultra Rare,1st Edition,Sandstorm Tins Wave 1,CT11-EN002,64034255,64034255,,2
Raiza the Storm Monarch,1,Ultra Rare,1st Edition,Sandstorm Tins Wave 1,CT11-EN003,73125233,73125233,,
Shaddoll Falco,1,Ultra Rare,1st Edition,Sandstorm Tins Wave 1,CT11-EN004,37445295,37445295,,
WAKE CUP! Mocha,1,Ultra Rare,1st Edition,Sandstorm Tins Wave 1,CT11-EN005,91818544,91818544,,3
"Armades, Keeper of Boundaries",1,Ultra Rare,1st Edition,Sandstorm Tins Wave 1,CT11-EN006,88033975,88033975,,1
Amazoness Trainee,1,Common,1st Edition,Power of the Primordial,PP-EN001,89567993,89567993,,
Archfiend of Gilfer,1,Common,1st Edition,Power of the Primordial,PP-EN002,50287060,50287060,,
Babycerasaurus,1,Common,1st Edition,Power of the Primordial,PP-EN003,36042004,36042004,,
Beatraptor,1,Common,1st Edition,Power of the Primordial,PP-EN004,46924949,46924949,,
"Beiige, Vanguard of Dark World",1,Common,1st Edition,Power of the Primordial,PP-EN005,33731070,33731070,,
Black Brachios,1,Common,1st Edition,Power of the Primordial,PP-EN006,50896944,50896944,,
Blade Knight,1,Common,1st Edition,Power of the Primordial,PP-EN007,39507162,39507162,,
Blue Rose Dragon,1,Common,1st Edition,Power of the Primordial,PP-EN008,98884569,98884569,,
Chaos Valkyria,1,Common,1st Edition,Power of the Primordial,PP-EN009,53871273,53871273,,
Dark Resonator,1,Common,1st Edition,Power of the Primordial,PP-EN010,97021916,97021916,,
Dinowrestler Capaptera,1,Common,1st Edition,Power of the Primordial,PP-EN011,93507434,93507434,,
Dinowrestler Iguanodraka,1,Common,1st Edition,Power of the Primordial,PP-EN012,61269611,61269611,,
Dinowrestler Systegosaur,1,Common,1st Edition,Power of the Primordial,PP-EN013,56980148,56980148,,
Dipsea Fiend,1,Common,1st Edition,Power of the Primordial,PP-EN014,66472129,66472129,,
"Dogoran, the Mad Flame Kaiju",1,Common,1st Edition,Power of the Primordial,PP-EN015,93332803,93332803,,
Double Resonator,1,Common,1st Edition,Power of the Primordial,PP-EN016,60832978,60832978,,
Edge Imp Sabres,1,Common,1st Edition,Power of the Primordial,PP-EN017,30068120,30068120,,
Evilswarm Salamandra,1,Common,1st Edition,Power of the Primordial,PP-EN018,4058065,4058065,,
Evolsaur Cerato,1,Common,1st Edition,Power of the Primordial,PP-EN019,80651316,80651316,,
Evolsaur Diplo,1,Common,1st Edition,Power of the Primordial,PP-EN020,17045014,17045014,,
Evoltile Westlo,1,Common,1st Edition,Power of the Primordial,PP-EN021,81873903,81873903,,
Fabled Grimro,1,Common,1st Edition,Power of the Primordial,PP-EN022,24040093,24040093,,
Fabled Lurrie,1,Common,1st Edition,Power of the Primordial,PP-EN023,97651498,97651498,,
Fabled Raven,1,Common,1st Edition,Power of the Primordial,PP-EN024,47217354,47217354,,
Fiendish Rhino Warrior,1,Common,1st Edition,Power of the Primordial,PP-EN025,81035362,81035362,,
Ghost Ship,1,Common,1st Edition,Power of the Primordial,PP-EN026,33347467,33347467,,
Gravekeeper's Nobleman,1,Common,1st Edition,Power of the Primordial,PP-EN027,85646474,85646474,,
Gren Maju Da Eiza,1,Common,1st Edition,Power of the Primordial,PP-EN028,36584821,36584821,,
Inari Fire,1,Common,1st Edition,Power of the Primordial,PP-EN029,62953041,62953041,,
Infernity Conjurer,1,Common,1st Edition,Power of the Primordial,PP-EN030,48144778,48144778,,
Jurrac Guaiba,1,Common,1st Edition,Power of the Primordial,PP-EN031,11012887,11012887,,
Jurrac Velo,1,Common,1st Edition,Power of the Primordial,PP-EN032,59312550,59312550,,
"Kahkki, Guerilla of Dark World",1,Common,1st Edition,Power of the Primordial,PP-EN033,25847467,25847467,,
Laval Archer,1,Common,1st Edition,Power of the Primordial,PP-EN034,30303854,30303854,,
Laval Lancelord,1,Common,1st Edition,Power of the Primordial,PP-EN035,123709,123709,,
Magical Something,1,Common,1st Edition,Power of the Primordial,PP-EN036,43930492,43930492,,
Phantom Skyblaster,1,Common,1st Edition,Power of the Primordial,PP-EN037,12958919,12958919,,
Snake-Eye Birch,1,Common,1st Edition,Power of the Primordial,PP-EN038,12058741,12058741,,
Stygian Street Patrol,1,Common,1st Edition,Power of the Primordial,PP-EN039,13521194,13521194,,
Submareed Tour Ride,1,Common,1st Edition,Power of the Primordial,PP-EN040,87116749,87116749,,
Sylvan Peaskeeper,1,Common,1st Edition,Power of the Primordial,PP-EN041,63257623,63257623,,
"Tlakalel, His Malevolent Majesty",1,Common,1st Edition,Power of the Primordial,PP-EN042,82319644,82319644,,
Upstart Golden Ninja,1,Common,1st Edition,Power of the Primordial,PP-EN043,58911105,58911105,,
Gem-Knight Crystal,1,Common,1st Edition,Power of the Primordial,PP-EN044,76908448,76908448,,
Megalosmasher X,1,Common,1st Edition,Power of the Primordial,PP-EN045,81823360,81823360,,
Circle of the Fire Kings,1,Common,1st Edition,Power of the Primordial,PP-EN046,59388357,59388357,,
Divine Sword - Phoenix Blade,1,Common,1st Edition,Power of the Primordial,PP-EN047,31423101,31423101,,
Downbeat,1,Common,1st Edition,Power of the Primordial,PP-EN048,96540,96540,,
Jurassic Power,1,Common,1st Edition,Power of the Primordial,PP-EN049,99531088,99531088,,
Miracle Dig,1,Common,1st Edition,Power of the Primordial,PP-EN050,6343408,6343408,,
Spacetime Transcendence,1,Common,1st Edition,Power of the Primordial,PP-EN051,39041729,39041729,,
Terraforming,1,Common,1st Edition,Power of the Primordial,PP-EN052,73628505,73628505,,
Void Expansion,1,Common,1st Edition,Power of the Primordial,PP-EN053,34822850,34822850,,
Accumulated Fortune,1,Common,1st Edition,Power of the Primordial,PP-EN054,98444741,98444741,,
Beckoning Light,1,Common,1st Edition,Power of the Primordial,PP-EN055,16255442,16255442,,
Brutal Beast Battle,1,Common,1st Edition,Power of the Primordial,PP-EN056,36809777,36809777,,
Ghosts From the Past,1,Common,1st Edition,Power of the Primordial,PP-EN057,51099515,51099515,,
Ninjitsu Art of Transformation,1,Common,1st Edition,Power of the Primordial,PP-EN058,70861343,70861343,,
Paleozoic Hallucigenia,1,Common,1st Edition,Power of the Primordial,PP-EN059,61420130,61420130,,
Paleozoic Pikaia,1,Common,1st Edition,Power of the Primordial,PP-EN060,24903843,24903843,,
D/D/D Gust High King Alexander,1,Common,1st Edition,Power of the Primordial,PP-EN061,6766208,6766208,,
"Gashadokuro, the Skeletal Mayakashi",1,Common,1st Edition,Power of the Primordial,PP-EN062,39475024,39475024,,
Jurrac Giganoto,1,Common,1st Edition,Power of the Primordial,PP-EN063,80032567,80032567,,
Jurrac Meteor,1,Common,1st Edition,Power of the Primordial,PP-EN064,17548456,17548456,,
"Puralis, the Purple Pyrotile",1,Common,1st Edition,Power of the Primordial,PP-EN065,37038993,37038993,,
Purushaddoll Aeon,1,Common,1st Edition,Power of the Primordial,PP-EN066,78942513,78942513,,
Agnimal Candle,1,Rare,1st Edition,Power of the Primordial,PP-EN067,13014905,13014905,,
Animadorned Archosaur,1,Rare,1st Edition,Power of the Primordial,PP-EN068,98022050,98022050,,
"Broww, Huntsman of Dark World",1,Rare,1st Edition,Power of the Primordial,PP-EN069,79126789,79126789,,
Caninetaur,1,Rare,1st Edition,Power of the Primordial,PP-EN070,91754175,91754175,,
Delta The Magnet Warrior,1,Rare,1st Edition,Power of the Primordial,PP-EN071,12262393,12262393,,
Double-Headed Dino King Rex,1,Rare,1st Edition,Power of the Primordial,PP-EN072,55349196,55349196,,
Evocator Eveque,1,Rare,1st Edition,Power of the Primordial,PP-EN073,16146511,16146511,,
Flowerdino,1,Rare,1st Edition,Power of the Primordial,PP-EN074,10851853,10851853,,
Gravekeeper's Recruiter,1,Rare,1st Edition,Power of the Primordial,PP-EN075,93023479,93023479,,
Jurrac Dino,1,Rare,1st Edition,Power of the Primordial,PP-EN076,17948378,17948378,,
Kaitoptera,1,Rare,1st Edition,Power of the Primordial,PP-EN077,50834074,50834074,,
Magmacho Dragon,1,Rare,1st Edition,Power of the Primordial,PP-EN078,50951254,50951254,,
Ninja Grandmaster Hanzo,1,Rare,1st Edition,Power of the Primordial,PP-EN079,95027497,95027497,,
Petiteranodon,1,Rare,1st Edition,Power of the Primordial,PP-EN080,82946847,82946847,,
Proof of Pruflas,1,Rare,1st Edition,Power of the Primordial,PP-EN081,85847157,85847157,,
Scrap Raptor,1,Rare,1st Edition,Power of the Primordial,PP-EN082,80529459,80529459,,
T.G. Striker,1,Rare,1st Edition,Power of the Primordial,PP-EN083,1315120,1315120,,
Tour Guide From the Underworld,1,Rare,1st Edition,Power of the Primordial,PP-EN084,10802915,10802915,,1
Witch of the Black Forest,1,Rare,1st Edition,Power of the Primordial,PP-EN085,78010363,78010363,L,2
Dark Corridor,1,Rare,1st Edition,Power of the Primordial,PP-EN086,98696958,98696958,,
Evo-Diversity,1,Rare,1st Edition,Power of the Primordial,PP-EN087,88760522,88760522,,
Sinful Spoils of Subversion - Snake-Eye,1,Rare,1st Edition,Power of the Primordial,PP-EN088,24081957,24081957,,
Jar of Avarice,1,Rare,1st Edition,Power of the Primordial,PP-EN089,98954106,98954106,,2
Needlebug Nest,1,Rare,1st Edition,Power of the Primordial,PP-EN090,84968490,84968490,,
Ninjitsu Art of Super-Transformation,1,Rare,1st Edition,Power of the Primordial,PP-EN091,90200789,90200789,,
Paleozoic Canadia,1,Rare,1st Edition,Power of the Primordial,PP-EN092,98414735,98414735,,
Chaos King Archfiend,1,Rare,1st Edition,Power of the Primordial,PP-EN093,36407615,36407615,,
Fabled Leviathan,1,Rare,1st Edition,Power of the Primordial,PP-EN094,39477584,39477584,,
Infernity Doom Archfiend,1,Rare,1st Edition,Power of the Primordial,PP-EN095,38904695,38904695,,
Shiranui Samuraisaga,1,Rare,1st Edition,Power of the Primordial,PP-EN096,57288064,57288064,,
Adamancipator Crystal - Dragite,1,Super Rare,1st Edition,Power of the Primordial,PP-EN097,10286023,10286023,,
Dinowrestler Coelasilat,1,Super Rare,1st Edition,Power of the Primordial,PP-EN098,75366958,75366958,,
Evolsaur Lios,1,Super Rare,1st Edition,Power of the Primordial,PP-EN099,15171722,15171722,,
Fabled Krus,1,Super Rare,1st Edition,Power of the Primordial,PP-EN100,19439119,19439119,,
Fabled Kushano,1,Super Rare,1st Edition,Power of the Primordial,PP-EN101,97439806,97439806,,
Kyoro Ryu-Ge Kaiva,1,Super Rare,1st Edition,Power of the Primordial,PP-EN102,93509766,93509766,,
Predaplant Spinodionaea,1,Super Rare,1st Edition,Power of the Primordial,PP-EN103,52792430,52792430,,
"Scarm, Malebranche of the Burning Abyss",1,Super Rare,1st Edition,Power of the Primordial,PP-EN104,84764038,84764038,,
Shiranui Squire,1,Super Rare,1st Edition,Power of the Primordial,PP-EN105,41562624,41562624,,
Souleating Oviraptor,1,Super Rare,1st Edition,Power of the Primordial,PP-EN106,44335251,44335251,L,
Staysailor Romarin,1,Super Rare,1st Edition,Power of the Primordial,PP-EN107,49964567,49964567,,2
Swordsman of Revealing Light,1,Super Rare,1st Edition,Power of the Primordial,PP-EN108,64605089,64605089,,
Zalamander Catalyzer,1,Super Rare,1st Edition,Power of the Primordial,PP-EN109,40460013,40460013,,
Ayers Rock Sunrise,1,Super Rare,1st Edition,Power of the Primordial,PP-EN110,42502956,42502956,,
Bonfire,1,Super Rare,1st Edition,Power of the Primordial,PP-EN111,85106525,85106525,,1
Double Evolution Pill,1,Super Rare,1st Edition,Power of the Primordial,PP-EN112,38179121,38179121,,
Final Bringer of the End Times,1,Super Rare,1st Edition,Power of the Primordial,PP-EN113,54261514,54261514,,
Fire Recovery,1,Super Rare,1st Edition,Power of the Primordial,PP-EN114,42516299,42516299,,
Stairway to a Fabled Realm,1,Super Rare,1st Edition,Power of the Primordial,PP-EN115,22555834,22555834,,
The Monarchs Stormforth,1,Super Rare,1st Edition,Power of the Primordial,PP-EN116,79844764,79844764,,
Graceful Revival,1,Super Rare,1st Edition,Power of the Primordial,PP-EN117,98273947,98273947,,
Paleozoic Leanchoilia,1,Super Rare,1st Edition,Power of the Primordial,PP-EN118,1154611,1154611,,
Paleozoic Olenoides,1,Super Rare,1st Edition,Power of the Primordial,PP-EN119,35035481,35035481,,
Terrifying Trap Hole Nightmare,1,Super Rare,1st Edition,Power of the Primordial,PP-EN120,75294187,75294187,,2
Stardust Assault Warrior,1,Super Rare,1st Edition,Power of the Primordial,PP-EN121,97792247,97792247,,2
"Vahram, the Magistus Divinity Dragon",1,Super Rare,1st Edition,Power of the Primordial,PP-EN122,61272280,61272280,,
D.D. Crow,1,Ultra Rare,1st Edition,Power of the Primordial,PP-EN123,24508238,24508238,,2
Effect Veiler,1,Ultra Rare,1st Edition,Power of the Primordial,PP-EN124,97268402,97268402,,3
Eucalyptus Mole,1,Ultra Rare,1st Edition,Power of the Primordial,PP-EN125,71228611,71228611,,
Giant Rex,1,Ultra Rare,1st Edition,Power of the Primordial,PP-EN126,80280944,80280944,,
Mathematician,1,Ultra Rare,1st Edition,Power of the Primordial,PP-EN127,41386308,41386308,,4
Performage Trick Clown,1,Ultra Rare,1st Edition,Power of the Primordial,PP-EN128,67696066,67696066,,4
Terrifying Toddler of Torment,1,Ultra Rare,1st Edition,Power of the Primordial,PP-EN129,48468330,48468330,,
"Zoroa, the Magistus of Flame",1,Ultra Rare,1st Edition,Power of the Primordial,PP-EN130,36099130,36099130,,4
Fiendsmith's Tract,1,Ultra Rare,1st Edition,Power of the Primordial,PP-EN131,98567237,98567237,,
Fossil Dig,1,Ultra Rare,1st Edition,Power of the Primordial,PP-EN132,47325505,47325505,,
Zombie Reborn,1,Ultra Rare,1st Edition,Power of the Primordial,PP-EN133,19942835,19942835,,
Memory of an Adversary,1,Ultra Rare,1st Edition,Power of the Primordial,PP-EN134,60080151,60080151,,4
Infernoble Knight Captain Roland,1,Ultra Rare,1st Edition,Power of the Primordial,PP-EN135,40251688,40251688,,
Tri-Edge Master,1,Ultra Rare,1st Edition,Power of the Primordial,PP-EN136,52445243,52445243,,
Fabled Marcosia,1,Secret Rare,1st Edition,Power of the Primordial,PP-EN137,57630503,57630503,,
Miscellaneousaurus,1,Secret Rare,1st Edition,Power of the Primordial,PP-EN138,38572779,38572779,,
Pot of Prosperity,1,Secret Rare,1st Edition,Power of the Primordial,PP-EN139,84211599,84211599,,
Red Wyvern,1,Secret Rare,1st Edition,Power of the Primordial,PP-EN140,76547525,76547525,,
A-Assault Core,1,Common,1st Edition,Cyberstorm Crisis,CC-EN001,30012506,30012506,,
Achichi @Ignister,1,Common,1st Edition,Cyberstorm Crisis,CC-En002,15808381,15808381,,
Alien Ammonite,1,Common,1st Edition,Cyberstorm Crisis,CC-EN003,652362,652362,,
Alien Overlord,1,Common,1st Edition,Cyberstorm Crisis,CC-EN004,63253763,63253763,,
Ancient Gear Beast,1,Common,1st Edition,Cyberstorm Crisis,CC-EN005,10509340,10509340,,
Antialian,1,Common,1st Edition,Cyberstorm Crisis,CC-EN006,43583400,43583400,,
Backup Secretary,1,Common,1st Edition,Cyberstorm Crisis,CC-EN007,63528891,63528891,,
Balancer Lord,1,Common,1st Edition,Cyberstorm Crisis,CC-EN008,8567955,8567955,,
"Caam, Serenity of Gusto",1,Common,1st Edition,Cyberstorm Crisis,CC-EN009,91449144,91449144,,
Chaos Valkyria,1,Common,1st Edition,Cyberstorm Crisis,CC-EN010,53871273,53871273,,
Cliant,1,Common,1st Edition,Cyberstorm Crisis,CC-EN011,45778242,45778242,,
Core of Chaos,1,Common,1st Edition,Cyberstorm Crisis,CC-EN012,3806388,3806388,,
Cyber Eltanin,1,Common,1st Edition,Cyberstorm Crisis,CC-EN013,33093439,33093439,,
Cyberse Wizard,1,Common,1st Edition,Cyberstorm Crisis,CC-EN014,36033786,36033786,,
D.D. Sprite,1,Common,1st Edition,Cyberstorm Crisis,CC-EN015,16638212,16638212,,
Dimensional Alchemist,1,Common,1st Edition,Cyberstorm Crisis,CC-EN016,36733451,36733451,,
Dimensional Allotrope Varis,1,Common,1st Edition,Cyberstorm Crisis,CC-EN017,52254878,52254878,,
Dotscaper,1,Common,1st Edition,Cyberstorm Crisis,CC-EN018,18789533,18789533,,
Doyon @Ignister,1,Common,1st Edition,Cyberstorm Crisis,CC-EN019,88413677,88413677,,
Dual Assembwurm,1,Common,1st Edition,Cyberstorm Crisis,CC-EN020,7445307,7445307,,
Electromagnetic Turtle,1,Common,1st Edition,Cyberstorm Crisis,CC-EN021,34710660,34710660,,
Esper Girl,1,Common,1st Edition,Cyberstorm Crisis,CC-EN022,99070951,99070951,,
Fluffal Leo,1,Common,1st Edition,Cyberstorm Crisis,CC-EN023,66457138,66457138,,
G Golem Pebble Dog,1,Common,1st Edition,Cyberstorm Crisis,CC-EN024,25273572,25273572,,
Gusto Thunbolt,1,Common,1st Edition,Cyberstorm Crisis,CC-EN025,28066831,28066831,,
Jigabyte,1,Common,1st Edition,Cyberstorm Crisis,CC-EN026,40894584,40894584,,
Kozmo Goodwitch,1,Common,1st Edition,Cyberstorm Crisis,CC-EN027,67050396,67050396,,
Krebons,1,Common,1st Edition,Cyberstorm Crisis,CC-EN028,59575539,59575539,,
Launcher Commander,1,Common,1st Edition,Cyberstorm Crisis,CC-EN029,35911108,35911108,,
Mathmech Nabla,1,Common,1st Edition,Cyberstorm Crisis,CC-EN030,53577438,53577438,,
Mental Tuner,1,Common,1st Edition,Cyberstorm Crisis,CC-EN031,30291086,30291086,,
Minimalian,1,Common,1st Edition,Cyberstorm Crisis,CC-EN032,21147203,21147203,,
"Pilica, Descendant of Gusto",1,Common,1st Edition,Cyberstorm Crisis,CC-EN033,71175527,71175527,,
Psychic Commander,1,Common,1st Edition,Cyberstorm Crisis,CC-EN034,21454943,21454943,,
Rebuildeer,1,Common,1st Edition,Cyberstorm Crisis,CC-EN035,4550066,4550066,,
Reinforced Human Psychic Borg,1,Common,1st Edition,Cyberstorm Crisis,CC-EN036,80102359,80102359,,
Rescue Interlacer,1,Common,1st Edition,Cyberstorm Crisis,CC-EN037,63009228,63009228,,
Ritual Beast Tamer Wen,1,Common,1st Edition,Cyberstorm Crisis,CC-EN038,40907115,40907115,,
Silent Angler,1,Common,1st Edition,Cyberstorm Crisis,CC-EN039,90303176,90303176,,
Spiritual Beast Tamer Winda,1,Common,1st Edition,Cyberstorm Crisis,CC-EN040,65193366,65193366,,
The Agent of Miracles - Jupiter,1,Common,1st Edition,Cyberstorm Crisis,CC-EN041,28573958,28573958,,
Threshold Borg,1,Common,1st Edition,Cyberstorm Crisis,CC-EN042,31944175,31944175,,
Time Thief Adjuster,1,Common,1st Edition,Cyberstorm Crisis,CC-EN043,64730881,64730881,,
Torque Tune Gear,1,Common,1st Edition,Cyberstorm Crisis,CC-EN044,79538761,79538761,,
Labradorite Dragon,1,Common,1st Edition,Cyberstorm Crisis,CC-EN045,62514770,62514770,,
Leotron,1,Common,1st Edition,Cyberstorm Crisis,CC-EN046,47226949,47226949,,
Cynet Crosswipe,1,Common,1st Edition,Cyberstorm Crisis,CC-EN047,77449773,77449773,,
Cynet Mining,1,Common,1st Edition,Cyberstorm Crisis,CC-EN048,57160136,57160136,,
D.D.R. - Different Dimension Reincarnation,1,Common,1st Edition,Cyberstorm Crisis,CC-EN049,9622164,9622164,,
Elegant Egotist,1,Common,1st Edition,Cyberstorm Crisis,CC-EN050,90219263,90219263,,
Foolish Return,1,Common,1st Edition,Cyberstorm Crisis,CC-EN051,88369727,88369727,,
Harpies' Hunting Ground,1,Common,1st Edition,Cyberstorm Crisis,CC-EN052,75782277,75782277,,
One-Time Passcode,1,Common,1st Edition,Cyberstorm Crisis,CC-EN053,93104632,93104632,,
Psychic Eraser Laser,1,Common,1st Edition,Cyberstorm Crisis,CC-EN054,9322133,9322133,,
Small World,1,Common,1st Edition,Cyberstorm Crisis,CC-EN055,89558743,89558743,,
Transmodify,1,Common,1st Edition,Cyberstorm Crisis,CC-EN056,5288597,5288597,,
D.D.D. - Different Dimension Derby,1,Common,1st Edition,Cyberstorm Crisis,CC-EN057,76552147,76552147,,
Mathmech Induction,1,Common,1st Edition,Cyberstorm Crisis,CC-EN058,14393464,14393464,,
Psychic Overload,1,Common,1st Edition,Cyberstorm Crisis,CC-EN059,82633308,82633308,,
Ultimate Providence,1,Common,1st Edition,Cyberstorm Crisis,CC-EN060,38891741,38891741,,
Hyper Psychic Blaster,1,Common,1st Edition,Cyberstorm Crisis,CC-EN061,95526884,95526884,,
Magical Android,1,Common,1st Edition,Cyberstorm Crisis,CC-EN062,43385557,43385557,,
Mecha Phantom Beast Concoruda,1,Common,1st Edition,Cyberstorm Crisis,CC-EN063,53451824,53451824,,
Psychic Lifetrancer,1,Common,1st Edition,Cyberstorm Crisis,CC-EN064,45379225,45379225,,
Psychic Nightmare,1,Common,1st Edition,Cyberstorm Crisis,CC-EN065,7582066,7582066,,
Synchro Transmission,1,Common,1st Edition,Cyberstorm Crisis,CC-EN066,35817848,35817848,,
Ancient Gear Tanker,1,Rare,1st Edition,Cyberstorm Crisis,CC-EN067,91098230,91098230,,
Ancient Gear Wyvern,1,Rare,1st Edition,Cyberstorm Crisis,CC-EN068,17663375,17663375,,
B-Buster Drake,1,Rare,1st Edition,Cyberstorm Crisis,CC-EN069,77411244,77411244,,
Cheepcheepcheep,1,Rare,1st Edition,Cyberstorm Crisis,CC-EN070,27189308,27189308,,
Debris Dragon,1,Rare,1st Edition,Cyberstorm Crisis,CC-EN071,14943837,14943837,,
Double Fin Shark,1,Rare,1st Edition,Cyberstorm Crisis,CC-EN072,64319467,64319467,,
Draconnet,1,Rare,1st Edition,Cyberstorm Crisis,CC-EN073,62706865,62706865,,
Genetic Woman,1,Rare,1st Edition,Cyberstorm Crisis,CC-EN074,98147766,98147766,,
Gold Pride - Eliminator,1,Rare,1st Edition,Cyberstorm Crisis,CC-EN075,60203670,60203670,,
Harpie Perfumer,1,Rare,1st Edition,Cyberstorm Crisis,CC-EN076,39392286,39392286,,
Lappis Dragon,1,Rare,1st Edition,Cyberstorm Crisis,CC-EN077,3111207,3111207,,
Mecha Phantom Beast Tetherwolf,1,Rare,1st Edition,Cyberstorm Crisis,CC-EN078,67922702,67922702,,
Nemeses Umbrella,1,Rare,1st Edition,Cyberstorm Crisis,CC-EN079,46606977,46606977,,
Psychic Tracker,1,Rare,1st Edition,Cyberstorm Crisis,CC-EN080,30227494,30227494,,
Spiritual Beast Cannahawk,1,Rare,1st Edition,Cyberstorm Crisis,CC-EN081,49885567,49885567,,
Spiritual Beast Tamer Lara,1,Rare,1st Edition,Cyberstorm Crisis,CC-EN082,23623653,23623653,,
The Agent of Mystery - Earth,1,Rare,1st Edition,Cyberstorm Crisis,CC-EN083,91188343,91188343,,
Witch of the Black Forest,1,Rare,1st Edition,Cyberstorm Crisis,CC-EN084,78010363,78010363,,
"""A"" Cell Recombination Device",1,Rare,1st Edition,Cyberstorm Crisis,CC-EN085,91231901,91231901,,
A.I.dle Reborn,1,Rare,1st Edition,Cyberstorm Crisis,CC-EN086,22933016,22933016,,
Cyber Repair Plant,1,Rare,1st Edition,Cyberstorm Crisis,CC-EN087,86686671,86686671,,
Hysteric Sign,1,Rare,1st Edition,Cyberstorm Crisis,CC-EN088,19337371,19337371,,
Pot of Dichotomy,1,Rare,1st Edition,Cyberstorm Crisis,CC-EN089,98672567,98672567,,
Reptilianne Ramifications,1,Rare,1st Edition,Cyberstorm Crisis,CC-EN090,81615450,81615450,,
Tailwind of Gusto,1,Rare,1st Edition,Cyberstorm Crisis,CC-EN091,1187243,1187243,,
Horn of Heaven,1,Rare,1st Edition,Cyberstorm Crisis,CC-EN092,98069388,98069388,,
Time Thief Power Reserve,1,Rare,1st Edition,Cyberstorm Crisis,CC-EN093,42620460,42620460,,
Time-Space Trap Hole,1,Rare,1st Edition,Cyberstorm Crisis,CC-EN094,2055403,2055403,,1
P.U.N.K. JAM Dragon Drive,1,Rare,1st Edition,Cyberstorm Crisis,CC-EN095,28403802,28403802,,
Thought Ruler Archfiend,1,Rare,1st Edition,Cyberstorm Crisis,CC-EN096,70780151,70780151,,
Armored Bitron,1,Super Rare,1st Edition,Cyberstorm Crisis,CC-EN097,29374928,29374928,,
Backup @Ignister,1,Super Rare,1st Edition,Cyberstorm Crisis,CC-EN098,30118811,30118811,,
Batteryman Industrial Strength,1,Super Rare,1st Edition,Cyberstorm Crisis,CC-EN099,19441018,19441018,,
Cardcar D,1,Super Rare,1st Edition,Cyberstorm Crisis,CC-EN100,45812361,45812361,,
Cockadoodledoo,1,Super Rare,1st Edition,Cyberstorm Crisis,CC-EN101,42338879,42338879,,
Cyber Dragon Core,1,Super Rare,1st Edition,Cyberstorm Crisis,CC-EN102,23893227,23893227,,
Lady Debug,1,Super Rare,1st Edition,Cyberstorm Crisis,CC-EN103,16188701,16188701,,
Lightpulsar Dragon,1,Super Rare,1st Edition,Cyberstorm Crisis,CC-EN104,99365553,99365553,,
"Nunu, the Ogdoadic Remnant",1,Super Rare,1st Edition,Cyberstorm Crisis,CC-EN105,36010310,36010310,,
Protecting Spirit Loagaeth,1,Super Rare,1st Edition,Cyberstorm Crisis,CC-EN106,84339249,84339249,,
RAM Clouder,1,Super Rare,1st Edition,Cyberstorm Crisis,CC-EN107,9190563,9190563,,
Serene Psychic Witch,1,Super Rare,1st Edition,Cyberstorm Crisis,CC-EN108,98358303,98358303,,
Silent Psychic Wizard,1,Super Rare,1st Edition,Cyberstorm Crisis,CC-EN109,62950604,62950604,,
Stardust Synchron,1,Super Rare,1st Edition,Cyberstorm Crisis,CC-EN110,37799519,37799519,,2
Swordsman of Revealing Light,1,Super Rare,1st Edition,Cyberstorm Crisis,CC-EN111,64605089,64605089,,2
T.G. Screw Serpent,1,Super Rare,1st Edition,Cyberstorm Crisis,CC-EN112,11234702,11234702,,
Tearlaments Scheiren,1,Super Rare,1st Edition,Cyberstorm Crisis,CC-EN113,572850,572850,,
Thunder Sea Horse,1,Super Rare,1st Edition,Cyberstorm Crisis,CC-EN114,48049769,48049769,,
Time Thief Winder,1,Super Rare,1st Edition,Cyberstorm Crisis,CC-EN115,56308388,56308388,,
Emergency Teleport,1,Super Rare,1st Edition,Cyberstorm Crisis,CC-EN116,67723438,67723438,,
Graceful Revival,1,Super Rare,1st Edition,Cyberstorm Crisis,CC-EN117,98273947,98273947,,
Solemn Scolding,1,Super Rare,1st Edition,Cyberstorm Crisis,CC-EN118,92512625,92512625,,
Sonic Stun,1,Super Rare,1st Edition,Cyberstorm Crisis,CC-EN119,93138457,93138457,,
Terrifying Trap Hole Nightmare,1,Super Rare,1st Edition,Cyberstorm Crisis,CC-EN120,75294187,75294187,,2
Geomathmech Magma,1,Super Rare,1st Edition,Cyberstorm Crisis,CC-EN121,15248594,15248594,,
PSY-Framelord Zeta,1,Super Rare,1st Edition,Cyberstorm Crisis,CC-EN122,37192109,37192109,,
D.D. Crow,1,Ultra Rare,1st Edition,Cyberstorm Crisis,CC-EN123,24508238,24508238,,2
Effect Veiler,1,Ultra Rare,1st Edition,Cyberstorm Crisis,CC-EN124,97268402,97268402,,3
Harpie's Pet Dragon - Fearsome Fire Blast,1,Ultra Rare,1st Edition,Cyberstorm Crisis,CC-EN125,4991081,4991081,,
Mathematician,1,Ultra Rare,1st Edition,Cyberstorm Crisis,CC-EN126,41386308,41386308,,4
Pikari @Ignister,1,Ultra Rare,1st Edition,Cyberstorm Crisis,CC-EN127,16020923,16020923,,
Prototype Psychic Blaster,1,Ultra Rare,1st Edition,Cyberstorm Crisis,CC-EN128,95091919,95091919,,
Ragnaraika Armored Lizard,1,Ultra Rare,1st Edition,Cyberstorm Crisis,CC-EN129,52543404,52543404,,
Serene Psychic Girl,1,Ultra Rare,1st Edition,Cyberstorm Crisis,CC-EN130,9213491,9213491,,
Tenyi Spirit - Adhara,1,Ultra Rare,1st Edition,Cyberstorm Crisis,CC-EN131,98159737,98159737,,
A.I. Connect,1,Ultra Rare,1st Edition,Cyberstorm Crisis,CC-EN132,79015062,79015062,,
White Mirror,1,Ultra Rare,1st Edition,Cyberstorm Crisis,CC-EN133,19885332,19885332,,
Warning Point,1,Ultra Rare,1st Edition,Cyberstorm Crisis,CC-EN134,11429811,11429811,,
Firewall Saber Dragon,1,Ultra Rare,1st Edition,Cyberstorm Crisis,CC-EN135,16926971,16926971,,
"Juraishin, the Cursed Thunder God",1,Ultra Rare,1st Edition,Cyberstorm Crisis,CC-EN136,78693036,78693036,,
ROM Cloudia,1,Secret Rare,1st Edition,Cyberstorm Crisis,CC-EN137,44956694,44956694,,
Pot of Prosperity,1,Secret Rare,1st Edition,Cyberstorm Crisis,CC-EN138,84211599,84211599,,4
Silent Psychic Magician,1,Secret Rare,1st Edition,Cyberstorm Crisis,CC-EN139,16246535,16246535,,
Wind Pegasus @Ignister,1,Secret Rare,1st Edition,Cyberstorm Crisis,CC-EN140,98506199,98506199,,
Angmarl the Fiendish Monarch,1,Common,1st Edition,Power of the Primordial,MP03-EN001,65612386,65612386,,
Clock Wyvern,1,Common,1st Edition,Cyberstorm Crisis,MP03-EN002,21830679,21830679,,
Element Saurus,1,Common,1st Edition,Power of the Primordial,MP03-EN003,92755808,92755808,,
Evoltile Gephyro,1,Common,1st Edition,Power of the Primordial,MP03-EN004,55488859,55488859,,
Flip Frozen,1,Common,1st Edition,Cyberstorm Crisis,MP03-EN005,32176662,32176662,,
Full Active Duplex,1,Common,1st Edition,Cyberstorm Crisis,MP03-EN006,4483598,4483598,,
Future Samurai,1,Common,1st Edition,Cyberstorm Crisis,MP03-EN007,90642597,90642597,,
Ghost Sister & Spooky Dogwood,1,Common,1st Edition,Power of the Primordial,MP03-EN008,60643553,60643553,,
Infernity Knight,1,Common,1st Edition,Power of the Primordial,MP03-EN009,71341529,71341529,,
Jurrac Gallim,1,Common,1st Edition,Power of the Primordial,MP03-EN010,43332022,43332022,,
Stegocyber,1,Common,1st Edition,Power of the Primordial,MP03-EN011,99733359,99733359,,
The Atmosphere,1,Common,1st Edition,Cyberstorm Crisis,MP03-EN012,14466224,14466224,,
Time Escaper,1,Common,1st Edition,Cyberstorm Crisis,MP03-EN013,73625877,73625877,,
Time Wizard,1,Common,1st Edition,Power of the Primordial,MP03-EN014,71625222,71625222,,
Ultimate Tyranno,1,Common,1st Edition,Power of the Primordial,MP03-EN015,15894048,15894048,,
Vampiric Koala,1,Common,1st Edition,Power of the Primordial,MP03-EN016,1371589,1371589,,
Little D,1,Common,1st Edition,Power of the Primordial,MP03-EN017,42625254,42625254,,
Double Cyclone,1,Common,1st Edition,Cyberstorm Crisis,MP03-EN018,75652080,75652080,,
Past Image,1,Common,1st Edition,Cyberstorm Crisis,MP03-EN019,50292967,50292967,,
The Toil of the Normal,1,Common,1st Edition,Cyberstorm Crisis,MP03-EN020,83404468,83404468,,
